id,name,unit,cost_per_pack,notes,created_at,pack_weight,brand,supplier_part_number,supplier_id,secondary_supplier_id,ordering_url,processing_ratio,raw_meat_tray_capacity_kg,category,stock_check_enabled,stock_check_frequency,stock_check_day,min_cooking_temp_c,estimated_cook_time_min,oven_temp_c,steam_pct,surplus_percent,shelf_life_days,kanban_enabled,kanban_quantity,kanban_unit,kanban_order_amount,perishable,pallet_size,energy_kj,energy_kcal,fat,saturates,carbohydrate,sugars,protein,salt,label_declaration,allergens,fibre,prep_weight_mode,qr_code_url,is_bottle,bottle_size,surplus_mode,surplus_absolute_qty,prep_count_per_portion,is_pasta,requires_use_by_date,stock_in_packs,nutritionals_ai_estimated,case_size_packs,meat_process_minutes,country_of_origin,shopify_variant_id,shopify_product_title,shopify_variant_title,shopify_units_per_pack,nova_class,nova_markers,nova_reasoning,nova_confidence,nova_source,nova_analyzed_at
17,Tomatoes,kg,10.9500,Vegetables,2026-03-19 09:57:55.916,6.0000,,,5,,,0.8744,,vegetable,f,daily,,,,,,10.00,5,t,0.0000,weight,,t,,,,,,,,,,,[],,raw,,f,,percent,,,f,f,f,f,,,,,,,,,[],,,,
20,Goats Cheese,kg,13.9500,Cheese,2026-03-19 09:57:55.935,1.0000,,,,,,1.0000,,cheese,f,daily,,,,,,10.00,,t,0.0000,weight,,t,,,,,,,,,,,[],,raw,,f,,percent,,,f,f,f,f,,,,,,,,,[],,,,
29,Artichoke (drained weight),g,3.0000,Vegetables,2026-03-19 09:57:55.978,540.0000,,,,,,1.0000,,vegetable,f,daily,,,,,,10.00,5,t,0.0000,weight,,t,,,,,,,,,,,[],,raw,,f,,percent,,,f,f,f,f,,,,,,,,,[],,,,
30,Jalapenos (Drained weight),kg,5.6900,Vegetables,2026-03-19 09:57:55.981,3.0000,,,5,,,1.0000,,vegetable,f,daily,,,,,,10.00,5,t,0.0000,weight,,t,,,,,,,,,,,[],,raw,,f,,percent,,,f,f,f,f,,,,,,,,,[],,,,
35,Chives,g,0.7000,Herbs and Spices,2026-03-19 09:57:56.004,30.0000,,,,,,1.0000,,herb,f,daily,,,,,,10.00,,t,0.0000,weight,,t,,,,,,,,,,,[],,raw,,f,,percent,,,f,f,f,f,,,,,,,,,[],,,,
51,Rib Meat,kg,15.0000,Meat,2026-03-19 09:57:56.058,1.0000,,,,,,1.0000,,cooked_meat,f,daily,,,,,,10.00,,t,0.0000,weight,,t,,,,,,,,,,,[],,raw,,f,,percent,,,f,f,f,f,,,,,,,,,[],,,,
52,Ghekins,kg,3.8900,Vegetables,2026-03-19 09:57:56.063,1.3500,,,9,,,1.0000,,vegetable,f,daily,,,,,,10.00,5,t,0.0000,weight,,t,,,,,,,,,,,[],,raw,,f,,percent,,,f,f,f,f,,,,,,,,,[],,,,
53,Pomodori Peeled Plum Tomatoes,kg,2.6400,Vegetables,2026-03-19 09:57:56.067,2.5000,,,5,,,1.0000,,sauce,f,daily,,,,,,10.00,,t,0.0000,weight,,t,,,,,,,,,,,[],,raw,,f,,percent,,,f,f,f,f,,,,,,,,,[],,,,
54,Minced Garlic,kg,5.1900,Herbs and Spices,2026-03-19 09:57:56.07,1.3600,,,,,,1.0000,,spice,f,daily,,,,,,10.00,,t,0.0000,weight,,t,,,,,,,,,,,[],,raw,,f,,percent,,,f,f,f,f,,,,,,,,,[],,,,
60,Garlic Puree,kg,4.2300,Herbs and Spices,2026-03-19 09:57:56.091,1.0000,,,9,,,1.0000,,sauce,f,daily,,,,,,10.00,,t,0.0000,weight,,t,,,,,,,,,,,[],,raw,,f,,percent,,,f,f,f,f,,,,,,,,,[],,,,
56,Burger Meat,kg,9.9000,Meat,2026-03-19 09:57:56.076,1.0000,,,3,,,0.7400,2.9000,raw_meat,f,daily,,70.00,30,150,70,250.00,,f,0.0000,weight,,t,,,,,,,,,,,[],,raw,,f,,percent,,,f,t,f,f,,,,,,,,,[],,,,
64,Frozen dough balls,kg,42.9900,Dough balls,2026-03-19 09:57:56.105,5.5850,,,2,,,1.0000,,dough,f,daily,,,,,,10.00,,t,0.0000,weight,,t,,,,,,,,,,,[],,raw,,f,,percent,,,f,f,f,f,,,,,,,,,[],,,,
127,Cranberry,kg,8.9000,,2026-03-19 09:57:56.3,2.5000,Country Range,,9,,,1.0000,,other,f,daily,,,,,,10.00,,t,0.0000,weight,,t,,,,,,,,,,,[],,raw,,f,,percent,,,f,f,f,f,,,,,,,,,[],,,,
67,Meahs Tikka Sauce,kg,18.9900,Sauces,2026-03-19 09:57:56.115,3.0000,,,9,,,1.0000,,sauce,f,daily,,,,,,10.00,,t,0.0000,weight,,t,,,,,,,,,,,[],,raw,,f,,percent,,,f,f,f,f,,,,,,,,,[],,,,
68,Green Peppers,kg,13.9500,Vegetables,2026-03-19 09:57:56.117,5.0000,,,5,,,1.0000,,vegetable,f,daily,,,,,,10.00,5,t,0.0000,weight,,t,,,,,,,,,,,[],,raw,,f,,percent,,,f,f,f,f,,,,,,,,,[],,,,
69,Greek Yoghurt,kg,7.2500,Dairy,2026-03-19 09:57:56.119,1.0000,,,9,,,1.0000,,dairy,f,daily,,,,,,10.00,,t,0.0000,weight,,t,,,,,,,,,,,[],,raw,,f,,percent,,,f,f,f,f,,,,,,,,,[],,,,
71,Pancetta,kg,11.5000,,2026-03-19 09:57:56.124,1.0000,,,,,,0.6600,,cooked_meat,f,daily,,,,,,10.00,,t,0.0000,weight,,t,,,,,,,,,,,[],,raw,,f,,percent,,,f,f,f,f,,,,,,,,,[],,,,
74,Ground Nutmeg,g,13.5600,Herbs and Spices,2026-03-19 09:57:56.133,500.0000,,,9,,,1.0000,,spice,f,daily,,,,,,10.00,,t,0.0000,weight,,t,,,,,,,,,,,[],,raw,,f,,percent,,,f,f,f,f,,,,,,,,,[],,,,
26,Passata (Rodolfi),kg,16.5000,Base,2026-03-19 09:57:55.969,10.0000,,,10,,,1.0000,,sauce,t,weekly,Tuesday,,,,,1300.00,,t,40.0000,weight,70.0000,t,,,,,,,,,,Tomatoes,[],,raw,,f,,percent,,,f,f,t,f,,,,,,,,3,[],"Label declaration is 'Tomatoes' only. Rodolfi passata is simply sieved tomatoes with no additives — a traditional minimally processed product, NOVA 3.",high,ai,2026-07-23 15:37:25.889
13,Red Onions,kg,3.0500,Vegetables,2026-03-19 09:57:55.902,1.0000,,,5,,,1.0000,,vegetable,t,daily,,,,,,30.00,5,f,0.0000,weight,,t,,,,,,,,,,Red onions,[],,raw,,f,,percent,,,f,f,f,f,,,,,,,,1,[],Label declaration is 'Red onions' — a single fresh vegetable ingredient. Unambiguously NOVA 1.,high,ai,2026-07-23 15:37:25.889
33,Yeast,g,4.2500,Dough,2026-03-19 09:57:55.998,500.0000,,,10,,,1.0000,,dough,t,weekly,Tuesday,,,,,4000.00,,t,2.0000,pack,4.0000,t,,,,,,,,,,Yeast,[],,raw,,f,,percent,,,f,f,t,f,,,,,,,,1,[],"Label declaration states 'Yeast' only — a single-ingredient minimally processed leavening agent, NOVA 1.",high,ai,2026-07-23 15:37:25.889
14,Mushrooms,kg,8.2000,Vegetables,2026-03-19 09:57:55.906,2.5000,,,5,,,1.0000,,vegetable,t,daily,,,,,,50.00,5,f,0.0000,weight,,t,,,,,,,,,,,[],,raw,,f,,percent,,,f,f,f,f,,,,,,,,1,[],Fresh mushrooms with no label declaration — plain whole vegetables are unambiguously NOVA 1.,high,ai,2026-07-23 15:37:25.889
19,Rosemary,g,1.7900,Herbs and Spices,2026-03-19 09:57:55.921,100.0000,,,5,,,1.0000,,herb,t,daily,,,,,,250.00,5,f,0.0000,weight,,t,,1350.00,320.00,15.30,7.60,64.10,1.70,3.30,0.29,Rosemary,[],14.10,raw,,f,,percent,,,f,f,f,t,,,,,,,,1,[],"Label declaration confirms single ingredient: rosemary. Plain herb, NOVA 1.",high,ai,2026-07-23 15:37:25.889
40,Course Black Pepper,g,6.2600,Herbs and Spices,2026-03-19 09:57:56.022,500.0000,,,9,,,1.0000,,spice,f,daily,,,,,,10.00,,t,0.0000,weight,,t,,3400.00,810.00,3.30,1.00,64.00,0.60,10.00,0.02,Black Pepper,[],25.00,raw,,f,,percent,,,f,f,f,t,,,,,,,,1,[],"Label declaration confirms single ingredient: black pepper. Plain single spice, NOVA 1.",high,ai,2026-07-23 15:37:25.889
22,Pork,kg,4.3900,Meat,2026-03-19 09:57:55.944,1.0000,,,3,26,,0.7300,6.0000,raw_meat,t,daily,,75.00,180,155,70,40.00,,f,0.0000,weight,,t,,718.00,173.00,9.30,3.30,0.00,0.00,20.90,0.05,Pork,[],0.00,raw,,f,,percent,,,f,t,f,t,,240,,,,,,1,[],"Label declaration confirms single ingredient: pork. Plain raw meat, NOVA 1.",high,ai,2026-07-23 15:37:25.889
24,Duck,kg,4.4900,,2026-03-19 09:57:55.956,1.0000,,,26,2,,1.0000,,cooked_meat,t,daily,,,,,,800.00,,f,0.0000,weight,,t,,,,,,,,,,,[],,raw,,f,,percent,,,f,f,f,f,,,,,,,,1,[],"Listed as cooked_meat with no label declaration; judging from name alone. Plain cooked duck (no additives declared or implied by the name) is treated as minimally processed, NOVA 1. Confidence is medium as cooking method and any seasoning/glazing is unknown.",medium,ai,2026-07-23 15:37:25.889
48,Crushed chillis,g,5.2600,Herbs and Spices,2026-03-19 09:57:56.045,300.0000,,,9,,,1.0000,,spice,f,daily,,,,,,10.00,,t,0.0000,weight,,t,,,,,,,,,,,[],,raw,,f,,percent,,,f,f,f,f,,,,,,,,1,[],"Crushed chillis is a plain, single dried spice with no added ingredients. Classified as NOVA 1 — unprocessed/minimally processed.",high,ai,2026-07-23 15:37:25.889
62,Dried Thyme,g,3.0900,Herbs and Spices,2026-03-19 09:57:56.099,180.0000,,,9,,,1.0000,,herb,f,daily,,,,,,10.00,,t,0.0000,weight,,t,,,,,,,,,,,[],,raw,,f,,percent,,,f,f,f,f,,,,,,,,1,[],Dried thyme is a plain dried herb with no additives. Unambiguously NOVA 1.,high,ai,2026-07-23 15:37:25.889
57,Gherkin (drained weight),kg,7.0500,Vegetables,2026-03-19 09:57:56.078,1.3800,country range,,9,1,https://waterdene.coldweb.co.uk/ordering/pages/product_info.php?cPath=20001_254;products_id=9725,1.0000,,vegetable,f,daily,,,,,,10.00,,t,10.0000,pack,15.0000,t,,,,,,,,,,,[],,raw,,f,,percent,,,f,f,t,f,,,,,,,,4,"[""acidity regulators"", ""preservatives"", ""flavourings""]","Country Range gherkins (pickled cucumbers) in wholesale catering packs typically contain acetic acid, preservatives (sodium benzoate or similar) and sometimes flavourings beyond a simple brine, placing them at NOVA 4. Confidence is medium as no label was provided; a pure vinegar-brined gherkin could be NOVA 3.",medium,ai,2026-07-23 15:37:25.889
25,Olive Oil,kg,29.9900,Dough,2026-03-19 09:57:55.962,5.0000,,,10,,,1.0000,,other,f,daily,,,,,,10.00,,t,5.0000,bottle,5.0000,t,,,,,,,,,,Olive Oil,[],,raw,,f,,percent,,,f,f,t,f,,,,,,,,2,[],Label declaration is 'Olive Oil' — a single-ingredient pure oil. Unambiguously NOVA 2 (processed culinary ingredient).,high,ai,2026-07-23 15:37:25.889
221,Oregano,g,2.1100,,2026-04-27 11:19:12.801549,100.0000,Sysco Classic ,A 33592,1,9,https://www.brake.co.uk/dry-store/cooking-ingredients/herbs-spices-seasonings/herbs/sysco-classic-oregano/p/33592?term=oregano,1.0000,,seasoning,f,daily,,,,,,10.00,,t,3.0000,pack,7.0000,t,,,,,,,,,,,[],,raw,,f,,percent,,,f,f,t,f,,,,,,,,1,[],"No label declaration provided, but Sysco Classic dried oregano is a plain single herb. Judged from name and brand as NOVA 1 at medium confidence. (The 'old' tag appears to be an internal stock label, not a product descriptor.)",medium,ai,2026-07-23 15:37:25.889
81,Spicy Base,kg,2.8300,,2026-03-19 09:57:56.158,1.0000,,,17,,,1.0000,,sauce,f,daily,,,,,,10.00,,t,0.0000,weight,,t,,,,,,,,,,,[],,raw,,f,,percent,,,f,f,f,f,,,,,,,,,[],,,,
82,Buttermilk Fried Chicken Strip,kg,0.6900,,2026-03-19 09:57:56.16,1.0000,,,17,,,1.0000,,cooked_meat,f,daily,,,,,,10.00,,t,0.0000,weight,,t,,,,,,,,,,,[],,raw,,f,,percent,,,f,f,f,f,,,,,,,,,[],,,,
88,Ground Ginger,g,4.9100,,2026-03-19 09:57:56.178,450.0000,,,9,,,1.0000,,spice,f,daily,,,,,,10.00,,t,0.0000,weight,,t,,,,,,,,,,,[],,raw,,f,,percent,,,f,f,f,f,,,,,,,,,[],,,,
89,Madras Curry Powder,g,3.4700,,2026-03-19 09:57:56.181,450.0000,,,9,,,1.0000,,spice,f,daily,,,,,,10.00,,t,0.0000,weight,,t,,,,,,,,,,,[],,raw,,f,,percent,,,f,f,f,f,,,,,,,,,[],,,,
90,Turmeric,g,4.5800,,2026-03-19 09:57:56.185,500.0000,,,9,,,1.0000,,spice,f,daily,,,,,,10.00,,t,0.0000,weight,,t,,,,,,,,,,,[],,raw,,f,,percent,,,f,f,f,f,,,,,,,,,[],,,,
91,Katsu Spice Mix,g,0.0000,,2026-03-19 09:57:56.188,770.0000,,,17,,,1.0000,,spice,f,daily,,,,,,10.00,,t,0.0000,weight,,t,,,,,,,,,,,[],,raw,,f,,percent,,,f,f,f,f,,,,,,,,,[],,,,
92,Hoisin Sauce (Blue Dragon),kg,6.4600,,2026-03-19 09:57:56.194,1.2500,Blue Dragon,,19,,,1.0000,,sauce,f,daily,,,,,,10.00,,t,0.0000,weight,,t,,,,,,,,,,,[],,raw,,f,,percent,,,f,f,f,f,,,,,,,,,[],,,,
93,Carrots (Grated),kg,2.7500,,2026-03-19 09:57:56.198,1.0000,,,5,,,1.0000,,vegetable,f,daily,,,,,,10.00,5,t,0.0000,weight,,t,,,,,,,,,,,[],,raw,,f,,percent,,,f,f,f,f,,,,,,,,,[],,,,
94,Chicken Boullion,kg,15.9100,,2026-03-19 09:57:56.2,1.0200,,,9,,,1.0000,,sauce,f,daily,,,,,,10.00,,t,0.0000,weight,,t,,,,,,,,,,,[],,raw,,f,,percent,,,f,f,f,f,,,,,,,,,[],,,,
66,Dried Parsley,g,2.7400,Herbs and Spices,2026-03-19 09:57:56.112,120.0000,,,9,,,1.0000,,herb,f,daily,,,,,,10.00,,t,3.0000,weight,3.0000,t,,1176.00,281.00,2.40,0.40,49.00,2.00,27.00,0.15,Dried Parsley,[],8.60,raw,,f,,percent,,,f,f,f,t,,,,,,,,1,[],"Dried parsley with no label declaration — a plain dried herb, unambiguously NOVA 1.",high,ai,2026-07-23 15:37:25.889
99,Carrots (Diced),kg,2.7500,,2026-03-19 09:57:56.217,1.0000,,,5,,,1.0000,,vegetable,f,daily,,,,,,10.00,5,t,0.0000,weight,,t,,,,,,,,,,,[],,raw,,f,,percent,,,f,f,f,f,,,,,,,,,[],,,,
101,Yangnyeom Korean Sauce,kg,4.3700,,2026-03-19 09:57:56.223,1.0000,,,17,,,1.0000,,sauce,f,daily,,,,,,10.00,,t,0.0000,weight,,t,,,,,,,,,,,[],,raw,,f,,percent,,,f,f,f,f,,,,,,,,,[],,,,
102,Basil puree,kg,14.7300,,2026-03-19 09:57:56.226,1.0000,,,17,,,1.0000,,sauce,f,daily,,,,,,10.00,,t,0.0000,weight,,t,,,,,,,,,,,[],,raw,,f,,percent,,,f,f,f,f,,,,,,,,,[],,,,
104,Philly Beef Mix,kg,13.9800,,2026-03-19 09:57:56.232,1.0000,,,17,,,1.0000,,cooked_meat,f,daily,,,,,,10.00,,t,0.0000,weight,,t,,,,,,,,,,,[],,raw,,f,,percent,,,f,f,f,f,,,,,,,,,[],,,,
105,Ham (sliced gammon),g,4.4900,,2026-03-19 09:57:56.235,530.0000,,,2,,,1.0000,,cooked_meat,f,daily,,,,,,10.00,,t,0.0000,weight,,t,,,,,,,,,,,[],,raw,,f,,percent,,,f,f,f,f,,,,,,,,,[],,,,
107,Chargrilled peppers,kg,12.7000,,2026-03-19 09:57:56.24,1.9000,,,10,,,0.5900,,vegetable,f,daily,,,,,,10.00,5,t,0.0000,weight,,t,,,,,,,,,,,[],,raw,,f,,percent,,,f,f,f,f,,,,,,,,,[],,,,
108,Chargrilled Aubergines,kg,12.7000,,2026-03-19 09:57:56.242,1.9000,,,10,,,0.5300,,vegetable,f,daily,,,,,,10.00,5,t,0.0000,weight,,t,,,,,,,,,,,[],,raw,,f,,percent,,,f,f,f,f,,,,,,,,,[],,,,
109,Chargrilled Artichokes,kg,10.9800,,2026-03-19 09:57:56.245,1.0000,,,5,,,0.9500,,vegetable,f,daily,,,,,,10.00,5,t,0.0000,weight,,t,,,,,,,,,,,[],,raw,,f,,percent,,,f,f,f,f,,,,,,,,,[],,,,
110,Corn flour,kg,13.7200,,2026-03-19 09:57:56.25,5.0000,,,,,https://www.buywholefoodsonline.co.uk/cornflour-corn-starch.html,1.0000,,other,f,daily,,,,,,10.00,,t,0.0000,weight,,t,,,,,,,,,,,[],,raw,,f,,percent,,,f,f,f,f,,,,,,,,,[],,,,
112,Potato Starch,kg,11.6900,,2026-03-19 09:57:56.255,2.0000,,,,,https://www.buywholefoodsonline.co.uk/organic-potato-starch.html,1.0000,,other,f,daily,,,,,,10.00,,t,0.0000,weight,,t,,,,,,,,,,,[],,raw,,f,,percent,,,f,f,f,f,,,,,,,,,[],,,,
113,Skimmed Milk Powder,kg,11.5500,,2026-03-19 09:57:56.259,2.0000,,,9,,,1.0000,,dairy,f,daily,,,,,,10.00,,t,0.0000,weight,,t,,,,,,,,,,,[],,raw,,f,,percent,,,f,f,f,f,,,,,,,,,[],,,,
114,Egg White Powder,kg,29.9500,,2026-03-19 09:57:56.264,1.0000,,,22,,,1.0000,,other,f,daily,,,,,,10.00,,t,0.0000,weight,,t,,,,,,,,,,,[],,raw,,f,,percent,,,f,f,f,f,,,,,,,,,[],,,,
100,Baby Back Pork Ribs,kg,72.0000,,2026-03-19 09:57:56.219,10.0000,,,,,,1.0000,,raw_meat,f,daily,,,,,,10.00,,t,0.0000,weight,,t,,,,,,,,,,,[],,raw,,f,,percent,,,f,t,f,f,,,,,,,,,[],,,,
78,Braising Beef,kg,9.9000,Meat,2026-03-19 09:57:56.145,1.0000,,,1,,,1.0000,3.5000,raw_meat,f,daily,,70.00,240,155,70,10.00,,f,0.0000,weight,,t,,,,,,,,,,,[],,raw,,f,,percent,,,f,t,f,f,,,,,,,,,[],,,,
77,Matture Cheddar,kg,14.9500,Dairy,2026-03-19 09:57:56.142,2.0000,,,5,9,,1.0000,,cheese,f,daily,,,,,,200.00,,f,0.0000,weight,,t,,,,,,,,,,,[],,raw,,f,,percent,,,f,f,f,f,,,,,,,,,[],,,,
118,White Cooking Wine,kg,6.9500,,2026-03-19 09:57:56.275,5.0000,,,10,,,1.0000,,other,f,daily,,,,,,10.00,,t,0.0000,weight,,t,,,,,,,,,,,[],,raw,,f,,percent,,,f,f,f,f,,,,,,,,,[],,,,
119,Fresh Thyme,g,1.7900,,2026-03-19 09:57:56.278,100.0000,,,5,,,0.6500,,herb,f,daily,,,,,,10.00,,t,0.0000,weight,,t,,,,,,,,,,,[],,raw,,f,,percent,,,f,f,f,f,,,,,,,,,[],,,,
120,Beef Gravy Granules,kg,15.5500,,2026-03-19 09:57:56.281,1.8000,,,9,,,1.0000,,sauce,f,daily,,,,,,10.00,,t,0.0000,weight,,t,,,,,,,,,,,[],,raw,,f,,percent,,,f,f,f,f,,,,,,,,,[],,,,
121,Beef Welly Mix,kg,10.1300,,2026-03-19 09:57:56.284,1.0000,,,17,,,1.0000,,,f,daily,,,,,,10.00,,t,0.0000,weight,,t,,,,,,,,,,,[],,raw,,f,,percent,,,f,f,f,f,,,,,,,,,[],,,,
123,Mushroom Duxelle,kg,11.4700,,2026-03-19 09:57:56.289,1.3250,,,17,,,1.0000,,sauce,f,daily,,,,,,10.00,,t,0.0000,weight,,t,,,,,,,,,,,[],,raw,,f,,percent,,,f,f,f,f,,,,,,,,,[],,,,
124,Spicy Chicken,kg,10.0000,,2026-03-19 09:57:56.292,1.0000,,,,,,0.8000,,cooked_meat,f,daily,,,,,,10.00,,t,0.0000,weight,,t,,,,,,,,,,,[],,raw,,f,,percent,,,f,f,f,f,,,,,,,,,[],,,,
125,Streaky Bacon,kg,12.0000,,2026-03-19 09:57:56.294,1.0000,,,,,,0.5200,,cooked_meat,f,daily,,,,,,10.00,,t,0.0000,weight,,t,,,,,,,,,,,[],,raw,,f,,percent,,,f,f,f,f,,,,,,,,,[],,,,
126,Red Onion Gravy,kg,2.0900,,2026-03-19 09:57:56.297,1.0000,,,17,,,0.9400,,sauce,f,daily,,,,,,10.00,,t,0.0000,weight,,t,,,,,,,,,,,[],,raw,,f,,percent,,,f,f,f,f,,,,,,,,,[],,,,
129,Peeled Shallots,kg,9.2000,,2026-03-19 09:57:56.308,1.0000,,,5,,,0.9500,,vegetable,f,daily,,,,,,10.00,5,t,0.0000,weight,,t,,,,,,,,,,,[],,raw,,f,,percent,,,f,f,f,f,,,,,,,,,[],,,,
130,Red Wine,g,5.3700,,2026-03-19 09:57:56.311,750.0000,,,10,,,1.0000,,other,f,daily,,,,,,10.00,,t,0.0000,weight,,t,,,,,,,,,,,[],,raw,,f,,percent,,,f,f,f,f,,,,,,,,,[],,,,
131,Dried Cranberries,kg,10.8900,,2026-03-19 09:57:56.313,1.0000,,,5,,,1.0000,,herb,f,daily,,,,,,10.00,,t,0.0000,weight,,t,,,,,,,,,,,[],,raw,,f,,percent,,,f,f,f,f,,,,,,,,,[],,,,
132,Riccota,kg,10.1300,,2026-03-19 09:57:56.316,1.5000,,,9,,,1.0000,,cheese,f,daily,,,,,,10.00,,t,0.0000,weight,,t,,,,,,,,,,,[],,raw,,f,,percent,,,f,f,f,f,,,,,,,,,[],,,,
133,Baby Spinach,kg,12.4900,,2026-03-19 09:57:56.318,2.0000,,,5,,,1.0000,,vegetable,f,daily,,,,,,10.00,5,t,0.0000,weight,,t,,,,,,,,,,,[],,raw,,f,,percent,,,f,f,f,f,,,,,,,,,[],,,,
134,TCK Roasted Red peppers,kg,13.9500,,2026-03-19 09:57:56.321,1.0000,,,17,,,0.5100,,vegetable,f,daily,,,,,,10.00,5,t,0.0000,weight,,t,,,,,,,,,,,[],,raw,,f,,percent,,,f,f,f,f,,,,,,,,,[],,,,
135,TCK Roasted Mushroons,kg,10.9500,,2026-03-19 09:57:56.325,2.5000,,,17,,,0.6000,,vegetable,f,daily,,,,,,10.00,5,t,0.0000,weight,,t,,,,,,,,,,,[],,raw,,f,,percent,,,f,f,f,f,,,,,,,,,[],,,,
136,Cauliflower,kg,29.5000,,2026-03-19 09:57:56.328,5.0000,,,5,,,1.0000,,vegetable,f,daily,,,,,,10.00,5,t,0.0000,weight,,t,,,,,,,,,,,[],,raw,,f,,percent,,,f,f,f,f,,,,,,,,,[],,,,
138,Roasted Red Peppers,kg,12.2900,,2026-03-19 09:57:56.333,2.2000,,,5,,,0.9500,,vegetable,f,daily,,,,,,10.00,5,t,0.0000,weight,,t,,,,,,,,,,,[],,raw,,f,,percent,,,f,f,f,f,,,,,,,,,[],,,,
141,Broccoli (prepared),kg,17.5000,,2026-03-19 09:57:56.344,2.5000,,,5,,,0.7400,,vegetable,f,daily,,,,,,10.00,5,t,0.0000,weight,,t,,,,,,,,,,,[],,raw,,f,,percent,,,f,f,f,f,,,,,,,,,[],,,,
140,Vegetable Oil,kg,25.9900,,2026-03-19 09:57:56.342,20.0000,KTC,,2,,,1.0000,,other,f,daily,,,,,,10.00,,t,0.0000,weight,,t,,,,,,,,,,,[],,raw,,f,,percent,,,f,f,f,f,,,,,,,,2,[],KTC vegetable oil is a pure refined plant oil — a classic processed culinary ingredient (NOVA 2). No additives expected.,high,ai,2026-07-23 15:37:25.889
142,Taleggio,kg,9.6900,,2026-03-19 09:57:56.346,1.0000,,,10,,,1.0000,,cheese,f,daily,,,,,,10.00,,t,0.0000,weight,,t,,,,,,,,,,,[],,raw,,f,,percent,,,f,f,f,f,,,,,,,,,[],,,,
143,Bechemel,kg,6.0700,,2026-03-19 09:57:56.349,1.0000,,,9,,,0.9800,,sauce,f,daily,,,,,,10.00,,t,0.0000,weight,,t,,,,,,,,,,,[],,raw,,f,,percent,,,f,f,f,f,,,,,,,,,[],,,,
145,Gorgonzola Dolce,kg,15.1200,,2026-03-19 09:57:56.354,1.6000,,,10,,,1.0000,,cheese,f,daily,,,,,,10.00,,t,0.0000,weight,,t,,,,,,,,,,,[],,raw,,f,,percent,,,f,f,f,f,,,,,,,,,[],,,,
146,Cider Vinegar,kg,8.5300,,2026-03-19 09:57:56.356,5.0000,,,23,,,1.0000,,sauce,f,daily,,,,,,10.00,,t,0.0000,weight,,t,,,,,,,,,,,[],,raw,,f,,percent,,,f,f,f,f,,,,,,,,,[],,,,
147,Tamari Soy Sauce (UPF Free),kg,24.9900,,2026-03-19 09:57:56.359,6.0000,,,23,,,1.0000,,sauce,f,daily,,,,,,10.00,,t,0.0000,weight,,t,,,,,,,,,,,[],,raw,,f,,percent,,,f,f,f,f,,,,,,,,,[],,,,
149,Hoisin Sauce (Knorr),kg,22.5800,,2026-03-19 09:57:56.364,2.2000,Knorrs,,23,,,1.0000,,sauce,f,daily,,,,,,10.00,,t,0.0000,weight,,t,,,,,,,,,,,[],,raw,,f,,percent,,,f,f,f,f,,,,,,,,,[],,,,
150,Hoisin Sauce (Bidfood Everyday),kg,25.2100,,2026-03-19 09:57:56.366,7.8000,Bidfood Everyday,,23,,,1.0000,,sauce,f,daily,,,,,,10.00,,t,0.0000,weight,,t,,,,,,,,,,,[],,raw,,f,,percent,,,f,f,f,f,,,,,,,,,[],,,,
152,Tikka Paste,kg,10.9400,,2026-03-19 09:57:56.371,1.1000,,,1,,,1.0000,,sauce,f,daily,,,,,,10.00,,t,0.0000,weight,,t,,,,,,,,,,,[],,raw,,f,,percent,,,f,f,f,f,,,,,,,,,[],,,,
153,Smoked Bacon Lardons,kg,55.4300,,2026-03-19 09:57:56.373,10.0000,,,1,,,0.5500,,cooked_meat,f,daily,,,,,,10.00,,t,0.0000,weight,,t,,,,,,,,,,,[],,raw,,f,,percent,,,f,f,f,f,,,,,,,,,[],,,,
155,Szechuan Concentrated Sauce,kg,12.1600,,2026-03-19 09:57:56.378,1.0000,,,1,,,1.0000,,sauce,f,daily,,,,,,10.00,,t,0.0000,weight,,t,,,,,,,,,,,[],,raw,,f,,percent,,,f,f,f,f,,,,,,,,,[],,,,
157,Rice Vinegar,kg,12.3000,,2026-03-19 09:57:56.383,3.0000,,,1,,,1.0000,,sauce,f,daily,,,,,,10.00,,t,0.0000,weight,,t,,,,,,,,,,,[],,raw,,f,,percent,,,f,f,f,f,,,,,,,,,[],,,,
158,Garlic Puree (Brakes),kg,10.2200,,2026-03-19 09:57:56.386,1.2000,,,1,,,1.0000,,sauce,f,daily,,,,,,10.00,,t,0.0000,weight,,t,,,,,,,,,,,[],,raw,,f,,percent,,,f,f,f,f,,,,,,,,,[],,,,
159,Chilli Oil,kg,18.0000,,2026-03-19 09:57:56.388,1.0200,,,22,,,1.0000,,sauce,f,daily,,,,,,10.00,,t,0.0000,weight,,t,,,,,,,,,,,[],,raw,,f,,percent,,,f,f,f,f,,,,,,,,,[],,,,
162,Parmesan,kg,23.1000,,2026-03-19 09:57:56.396,1.0000,,,1,,,1.0000,,cheese,f,daily,,,,,,10.00,,t,0.0000,weight,,t,,,,,,,,,,,[],,raw,,f,,percent,,,f,f,f,f,,,,,,,,,[],,,,
163,Pineapple,kg,15.4100,,2026-03-19 09:57:56.398,2.5000,,,1,,,1.0000,,vegetable,f,daily,,,,,,10.00,5,t,0.0000,weight,,t,,,,,,,,,,,[],,raw,,f,,percent,,,f,f,f,f,,,,,,,,,[],,,,
164,Ham Hock,kg,9.9900,,2026-03-19 09:57:56.4,1.0000,,,1,,,1.0000,,cooked_meat,f,daily,,,,,,10.00,,t,0.0000,weight,,t,,,,,,,,,,,[],,raw,,f,,percent,,,f,f,f,f,,,,,,,,,[],,,,
165,Bechemel (Macphie),kg,38.3500,,2026-03-19 09:57:56.403,10.0000,,A 9036,1,,,0.9800,,sauce,f,daily,,,,,,10.00,,t,0.0000,weight,,t,,,,,,,,,,,[],,raw,,f,,percent,,,f,f,f,f,,,,,,,,,[],,,,
167,Jerk BBQ Sauce,kg,8.9200,,2026-03-19 09:57:56.408,1.0000,,,1,,,0.9700,,sauce,f,daily,,,,,,10.00,,t,0.0000,weight,,t,,,,,,,,,,,[],,raw,,f,,percent,,,f,f,f,f,,,,,,,,,[],,,,
168,Chipotle paste,g,10.1400,,2026-03-19 09:57:56.411,750.0000,Santa Maria,,1,,,1.0000,,sauce,f,daily,,,,,,10.00,,t,0.0000,weight,,t,,,,,,,,,,,[],,raw,,f,,percent,,,f,f,f,f,,,,,,,,,[],,,,
169,Santa Maria BBQ Sauce,kg,6.1100,,2026-03-19 09:57:56.413,1.1000,Santa Maria,,1,,,0.9700,,sauce,f,daily,,,,,,10.00,,t,0.0000,weight,,t,,,,,,,,,,,[],,raw,,f,,percent,,,f,f,f,f,,,,,,,,,[],,,,
170,Ranch,kg,9.5700,,2026-03-19 09:57:56.415,2.2700,Lion,,1,,,0.9700,,sauce,f,daily,,,,,,10.00,,t,0.0000,weight,,t,,,,,,,,,,,[],,raw,,f,,percent,,,f,f,f,f,,,,,,,,,[],,,,
171,Mango Chutney,kg,5.3900,,2026-03-19 09:57:56.418,1.5000,Geetas,,1,,,0.9700,,sauce,f,daily,,,,,,10.00,,t,0.0000,weight,,t,,,,,,,,,,,[],,raw,,f,,percent,,,f,f,f,f,,,,,,,,,[],,,,
172,Chickpeas,kg,3.4500,,2026-03-19 09:57:56.42,1.5000,Royal Crown,,1,,,1.0000,,vegetable,f,daily,,,,,,10.00,5,t,0.0000,weight,,t,,,,,,,,,,,[],,raw,,f,,percent,,,f,f,f,f,,,,,,,,,[],,,,
173,Curry Powder,g,7.9100,,2026-03-19 09:57:56.423,500.0000,Sysco,,1,,,1.0000,,spice,f,daily,,,,,,10.00,,t,0.0000,weight,,t,,,,,,,,,,,[],,raw,,f,,percent,,,f,f,f,f,,,,,,,,,[],,,,
175,Fresh Coriander,kg,9.8400,,2026-03-19 09:57:56.427,1.0000,,,1,,,1.0000,,herb,f,daily,,,,,,10.00,,t,0.0000,weight,,t,,,,,,,,,,,[],,raw,,f,,percent,,,f,f,f,f,,,,,,,,,[],,,,
176,Red Wine Vinegar,kg,10.7200,,2026-03-19 09:57:56.429,5.0000,,,1,,,1.0000,,sauce,f,daily,,,,,,10.00,,t,0.0000,weight,,t,,,,,,,,,,,[],,raw,,f,,percent,,,f,f,f,f,,,,,,,,,[],,,,
156,Beef Strips,kg,36.5700,,2026-03-19 09:57:56.38,2.5000,,,1,,,1.0000,,raw_meat,f,daily,,,,,,10.00,,t,0.0000,weight,,t,,,,,,,,,,,[],,raw,,f,,percent,,,f,t,f,f,,,,,,,,,[],,,,
161,Vanilla Extract,ml,5.9400,,2026-03-19 09:57:56.394,500.0000,Preema Natural,,1,,https://www.brake.co.uk/dry-store/baking-mixes-ingredients/baking-ingredients/food-colouring-flavouring/preema-natural-vanilla-extract/p/87846?term=vanilla,1.0000,,other,f,daily,,,,,,10.00,,t,1.0000,bottle,1.0000,t,,,,,,,,,,,[],,raw,,f,,percent,,,f,f,t,f,,,,,,,,,[],,,,
122,Chestnut Mushrooms,kg,10.9500,,2026-03-19 09:57:56.287,2.2700,,,5,,,0.9500,,vegetable,f,daily,,,,,,10.00,5,t,6.0000,weight,7.0000,t,,,,,,,,,,,[],,raw,,f,,percent,,,f,f,f,f,,,,,,,,,[],,,,
148,Balsamic Vinegar,kg,14.7500,,2026-03-19 09:57:56.362,5.0000,,,5,,,1.0000,,sauce,f,daily,,,,,,10.00,,t,10.0000,bottle,12.0000,t,,,,,,,,,,,[],,raw,,f,,percent,,,f,f,f,f,,,,,,,,,[],,,,
177,G's Piri Piri Sauce,kg,7.5200,,2026-03-19 09:57:56.432,1.0000,,,17,,,1.0000,,sauce,f,daily,,,,,,10.00,,t,0.0000,weight,,t,,,,,,,,,,,[],,raw,,f,,percent,,,f,f,f,f,,,,,,,,,[],,,,
178,Lime Juice,kg,5.1000,,2026-03-19 09:57:56.435,1.0000,Village Press,,1,,,1.0000,,sauce,f,daily,,,,,,10.00,,t,0.0000,weight,,t,,,,,,,,,,,[],,raw,,f,,percent,,,f,f,f,f,,,,,,,,,[],,,,
180,Red cooking wine (Sysco),kg,37.9400,,2026-03-19 09:57:56.44,10.0000,,A 25690,1,,,1.0000,,other,f,daily,,,,,,10.00,,t,0.0000,weight,,t,,,,,,,,,,,[],,raw,,f,,percent,,,f,f,f,f,,,,,,,,,[],,,,
181,White Cooking Wine (Sysco),kg,36.7800,,2026-03-19 09:57:56.442,10.0000,,A 25696,1,,,1.0000,,other,f,daily,,,,,,10.00,,t,0.0000,weight,,t,,,,,,,,,,,[],,raw,,f,,percent,,,f,f,f,f,,,,,,,,,[],,,,
182,Prosciutto,kg,16.9900,,2026-03-19 09:57:56.446,1.0000,,C 116165,1,,,1.0000,,cooked_meat,f,daily,,,,,,10.00,,t,0.0000,weight,,t,,,,,,,,,,,[],,raw,,f,,percent,,,f,f,f,f,,,,,,,,,[],,,,
183,Red Wine Gravy (2025),g,0.7900,,2026-03-19 09:57:56.449,87.0000,,,17,,,1.0000,,sauce,f,daily,,,,,,10.00,,t,0.0000,weight,,t,,,,,,,,,,,[],,raw,,f,,percent,,,f,f,f,f,,,,,,,,,[],,,,
186,BBQ Shredded Turkey & Cranberry,g,4.1300,,2026-03-19 09:57:56.455,500.0000,,F 150200,1,,,1.0000,,cooked_meat,f,daily,,,,,,10.00,,t,0.0000,weight,,t,,,,,,,,,,,[],,raw,,f,,percent,,,f,f,f,f,,,,,,,,,[],,,,
195,Red Leicester Cheese,kg,24.9800,,2026-03-19 09:57:56.482,2.5000,,9827,9,,,1.0000,,cheese,f,daily,,,,,,10.00,,t,0.0000,weight,,t,,,,,,,,,,,[],,raw,,f,,percent,,,f,f,f,f,,,,,,,,,[],,,,
196,Matture Cheddar Block,kg,32.6800,,2026-03-19 09:57:56.485,4.7500,,C 71144,1,,,1.0000,,cheese,f,daily,,,,,,10.00,,t,0.0000,weight,,t,,,,,,,,,,,[],,raw,,f,,percent,,,f,f,f,f,,,,,,,,,[],,,,
197,Evaporated Milk,g,1.1800,,2026-03-19 09:57:56.487,410.0000,,A25002,1,,,1.0000,,dairy,f,daily,,,,,,10.00,,t,0.0000,weight,,t,,,,,,,,,,,[],,raw,,f,,percent,,,f,f,f,f,,,,,,,,,[],,,,
205,Chicken Seasoning Mix,kg,21.3800,,2026-03-19 09:57:56.507,3.0000,,,17,,,1.0000,,seasoning,f,daily,,,,,,10.00,,t,0.0000,weight,,t,,,,,,,,,,,[],,raw,,f,,percent,,,f,f,f,f,,,,,,,,4,"[""anti-caking agent"", ""flavour enhancers"", ""sugar""]","Commercial chicken seasoning mixes are industrial spice blends that routinely contain anti-caking agents, flavour enhancers (e.g. MSG or yeast extract), and sugar beyond what a home cook would blend. Judging from name and category alone as no label was provided, but this is the wholesale norm.",medium,ai,2026-07-23 15:37:25.889
160,Cream Cheese,kg,18.9200,,2026-03-19 09:57:56.391,2.0000,Green Valley Dairy, C 591017,1,,https://www.brake.co.uk/dairy/block-grated-cheese/soft-cheese/spreadable/green-valley-dairy-full-fat-soft-cheese/p/591017,1.0000,,cheese,f,daily,,,,,,10.00,,t,1.0000,pack,1.0000,t,,962.00,233.00,20.90,13.20,4.60,3.70,6.50,0.49,,"[""milk""]",0.00,raw,,f,,percent,,,f,f,t,f,,,,,,,,,[],,,,
128,Smoked paprika (old),g,7.2500,,2026-03-19 09:57:56.305,750.0000,,,9,,,1.0000,,spice,f,daily,,,,,,10.00,,t,3.0000,weight,4.0000,t,,,,,,,,,,,[],,raw,,f,,percent,,,f,f,f,f,,,,,,,,1,[],Smoked paprika is a single plain spice — minimally processed by drying and smoking the pepper. No additives implied by the name.,high,ai,2026-07-23 15:37:25.889
72,Red Chillis,kg,15.4500,Vegetables,2026-03-19 09:57:56.127,1.0000,,,5,,,1.0000,,vegetable,t,daily,,,,,,200.00,5,f,0.0000,weight,,t,,149.00,36.00,0.40,0.10,7.30,4.20,1.90,0.05,red chilli pepper,[],1.50,raw,,f,,percent,,,f,f,f,t,,,,,,,,1,[],Fresh red chillies are a minimally processed whole vegetable/spice ingredient — NOVA 1.,high,ai,2026-07-23 15:37:25.889
203,Honey Sriracha (2.5kg catering),kg,40.0000,,2026-03-19 09:57:56.502,5.0000,,,16,,https://wholesale.sauceshop.co/products/honey-sriracha-drizzle,1.0000,,sauce,f,daily,,,,,,10.00,,t,4.0000,weight,6.0000,t,,,,,,,,,,,[],,raw,,f,,percent,,,f,f,f,f,,,,,,,,,[],,,,
202,Garlic Butter,g,1.9600,,2026-03-19 09:57:56.499,271.0000,,,17,,,1.0000,,sauce,f,daily,,,,,,10.00,,t,1.0000,weight,4.0000,t,,,,,,,,,,,[],,raw,,f,,percent,,,f,f,f,f,,,,,,,,,[],,,,
50,White onions,kg,16.5000,Vegetables,2026-03-19 09:57:56.052,20.0000,,,5,,,1.0000,,vegetable,f,daily,,,,,,10.00,5,t,5.0000,weight,5.0000,t,,143.00,34.00,0.10,0.00,8.00,5.00,1.10,0.03,onions,[],1.70,raw,,f,,percent,,,f,f,f,t,,,,,,,,1,[],Whole fresh white onions are an unprocessed vegetable. NOVA 1.,high,ai,2026-07-23 15:37:25.889
179,Sirloin Steak,kg,33.2800,,2026-03-19 09:57:56.437,1.7000,,C 136847,1,,,0.8000,,raw_meat,f,daily,,,,,,10.00,,t,0.0000,weight,,t,,,,,,,,,,,[],,raw,,f,,percent,,,f,t,f,f,,,,,,,,,[],,,,
184,Sirloin Steak Center Cut,kg,18.2100,,2026-03-19 09:57:56.451,1.1350,,C 5010975,1,,,0.5550,,raw_meat,f,daily,,,,,,10.00,,t,0.0000,weight,,t,,,,,,,,,,,[],,raw,,f,,percent,,,f,t,f,f,,,,,,,,,[],,,,
188,"Pork, Sage & Onion Stuffing Balls",kg,29.4100,,2026-03-19 09:57:56.464,2.8800,,F 124328,1,,,0.7900,,cooked_meat,f,daily,,,,,,10.00,,t,4.0000,weight,6.0000,t,,,,,,,,,,,[],,raw,,f,,percent,,,f,f,f,f,,,,,,,,,[],,,,
190,Cranberry Sauce,kg,12.9500,,2026-03-19 09:57:56.468,2.5000,,A 100357,1,,,1.0000,,sauce,f,daily,,,,,,10.00,,t,2.0000,weight,4.0000,t,,,,,,,,,,,[],,raw,,f,,percent,,,f,f,f,f,,,,,,,,,[],,,,
187,Turkey Saddle,kg,31.0000,,2026-03-19 09:57:56.461,3.5000,,F 30311,1,,,1.0000,,raw_meat,f,daily,,,,,,10.00,,t,4.0000,weight,5.0000,t,,,,,,,,,,,[],,raw,,f,,percent,,,f,t,f,f,,,,,,,,,[],,,,
185,Fillet steak (Sysco whole),kg,64.2400,,2026-03-19 09:57:56.453,2.1000,,C 133991,1,,,0.8000,,raw_meat,f,daily,,,,,,10.00,,t,0.0000,weight,,t,,,,,,,,,,,[],,raw,,f,,percent,,,f,t,f,f,,,,,,,,,[],,,,
200,Beef Short Rib (Best Butchers),kg,12.5000,,2026-03-19 09:57:56.494,1.0000,,,3,,,0.5000,,raw_meat,f,daily,,,,,,10.00,,t,0.0000,weight,,t,,,,,,,,,,,[],,raw,,f,,percent,,,f,t,f,f,,,,,,,,,[],,,,
70,Special Sausage,kg,6.5000,Meat,2026-03-19 09:57:56.121,1.0000,,,3,,,0.8700,,raw_meat,f,daily,,,,,,10.00,,t,0.0000,weight,,t,,,,,,,,,,,[],,raw,,f,,percent,,,f,t,f,f,,,,,,,,,[],,,,
151,Diced Chicken Thigh,kg,19.6500,,2026-03-19 09:57:56.369,2.5000,,,1,,,1.0000,,raw_meat,f,daily,,,,,,130.00,,f,0.0000,weight,,t,,,,,,,,,,,[],,raw,,f,,percent,,,f,t,f,f,,,,,,,,,[],,,,
106,Branston Pickle,kg,14.5500,,2026-03-19 09:57:56.237,2.5500,,,9,,,0.9700,,sauce,f,daily,,,,,,10.00,,t,4.0000,weight,4.0000,t,,,,,,,,,,,[],,raw,,f,,percent,,,f,f,f,f,,,,,,,,,[],,,,
117,Red Cooking Wine,kg,6.9500,,2026-03-19 09:57:56.272,5.0000,,,10,,,1.0000,,other,f,daily,,,,,,10.00,,t,3.0000,weight,4.0000,t,,,,,,,,,,,[],,raw,,f,,percent,,,f,f,f,f,,,,,,,,,[],,,,
137,Cinnamon,g,7.5700,,2026-03-19 09:57:56.33,450.0000,,,9,,,1.0000,,spice,f,daily,,,,,,10.00,,t,6.0000,weight,6.0000,t,,,,,,,,,,,[],,raw,,f,,percent,,,f,f,f,f,,,,,,,,,[],,,,
210,Beef Burgers,kg,8.7900,,2026-03-23 17:26:33.316,1.0000,,,26,3,,0.7500,2.1000,raw_meat,f,daily,,70.00,30,170,50,180.00,,f,0.0000,weight,,t,,,,,,,,,,,[],,raw,,f,,percent,,,f,t,f,f,,,,,,,,,[],,,,
39,Ground black pepper,g,6.1200,Herbs and Spices,2026-03-19 09:57:56.019,500.0000,,,9,,,1.0000,,spice,f,daily,,,,,,10.00,,t,3.0000,weight,4.0000,t,,1090.00,260.00,3.30,1.00,64.00,0.60,10.00,0.06,Black Pepper,[],25.00,raw,,f,,percent,,,f,f,f,t,,,,,,,,1,[],Label declaration confirms a single ingredient: Black Pepper. A plain single spice is NOVA 1.,high,ai,2026-07-23 15:37:25.889
18,Fresh Basil,g,1.8900,Herbs and Spices,2026-03-19 09:57:55.919,100.0000,,,5,,,0.6016,,vegetable,t,daily,,,,,,125.00,5,f,0.0000,weight,,t,,233.00,56.00,0.60,0.10,7.70,1.30,3.20,0.07,Basil,[],2.40,processed,,f,,percent,,,f,f,f,t,,,,,,,,1,[],Label declaration confirms a single ingredient: Basil. Fresh basil is an unprocessed herb/vegetable. NOVA 1.,high,ai,2026-07-23 15:37:25.889
75,Dried Basil,g,2.9200,Herbs and Spices,2026-03-19 09:57:56.136,150.0000,,,9,,,1.0000,,herb,f,daily,,,,,,10.00,,t,3.0000,weight,1.0000,t,,1050.00,250.00,4.00,0.80,48.00,4.00,3.20,0.15,Basil,[],8.00,raw,,f,,percent,,,f,f,f,t,,,,,,,,1,[],Label declaration confirms a single ingredient: Basil. Dried basil is a minimally processed herb (simply dried). NOVA 1.,high,ai,2026-07-23 15:37:25.889
201,Knorr Korma Sauce,kg,11.5400,,2026-03-19 09:57:56.497,1.1000,Knorr Professional Patak's Korma,A 85659,1,,https://www.brake.co.uk/dry-store/foods-of-the-world/cooking-sauces/indian/knorr-professional-patak-s-korma-concentrated-sauce-1-1l/p/85659?term=korma,0.9800,,sauce,f,daily,,,,,,10.00,,t,10.0000,bottle,15.0000,t,,,,,,,,,,,[],,raw,,f,,percent,,,f,f,t,f,,,,,,,,4,"[""flavourings"", ""modified starch"", ""glucose syrup"", ""flavour enhancers""]","Knorr Professional / Patak's Korma sauce is an industrial catering sauce. Commercial korma sauces of this type invariably contain flavourings, modified starch, glucose syrup and flavour enhancers — confirmed by the Knorr Professional range norm. No label declaration provided but wholesale formulation is unambiguous.",medium,ai,2026-07-23 15:37:25.889
166,Garlic Confit,kg,22.7400,,2026-03-19 09:57:56.406,2.7250,,,17,,,1.0000,,sauce,f,daily,,,,,,10.00,,t,2.0000,weight,5.0000,t,,1100.00,265.00,20.00,3.00,18.00,4.00,3.00,1.20,,[],0.50,raw,,f,,percent,,,f,f,f,t,,,,,,,,,[],,,,
41,Paprika,g,4.1500,Herbs and Spices,2026-03-19 09:57:56.026,550.0000,,,9,,,1.0000,,spice,f,daily,,,,,,10.00,,t,6.0000,weight,6.0000,t,,1465.00,349.00,14.00,2.00,64.00,9.00,14.00,0.05,Paprika,[],25.00,raw,,f,,percent,,,f,f,f,t,,,,,,,,1,[],Label declaration is simply 'Paprika' — a single dried spice with no additives. NOVA 1 by definition.,high,ai,2026-07-23 15:37:25.889
16,Courgettes,kg,10.9500,Vegetables,2026-03-19 09:57:55.912,5.0000,,,5,,,0.9569,,vegetable,t,daily,,,,,,215.00,5,f,0.0000,weight,,t,,,,,,,,,,,[],,processed,,f,,percent,,,f,f,f,f,,,,,,,,1,[],"Courgettes are a fresh vegetable — unprocessed whole food, NOVA 1 by definition.",high,ai,2026-07-23 15:37:25.889
193,Pastrami (Sliced),kg,20.9700,,2026-03-19 09:57:56.477,1.0000,,,24,,,1.0000,,cooked_meat,f,daily,,,,,,10.00,,t,25.0000,weight,25.0000,t,,,,,,,,,,,[],,raw,,f,,percent,,,f,f,f,f,,,,,,,,4,"[""preservatives (nitrites)"", ""dextrose"", ""flavourings""]","Commercially sliced pastrami is a cured, smoked processed meat that at wholesale norm contains nitrite preservatives, dextrose and typically flavourings or smoke flavouring — all UPF markers. No label was provided so this is judged from the typical commercial formulation.",medium,ai,2026-07-23 15:37:25.889
87,Onion Powder,kg,14.8900,,2026-03-19 09:57:56.175,2.0000,,,5,,,1.0000,,spice,f,daily,,,,,,10.00,,t,6.0000,weight,6.0000,t,,,,,,,,,,,[],,raw,,f,,percent,,,f,f,f,f,,,,,,,,1,[],Onion powder is a single dried/ground spice with no added ingredients. Plain single spices are NOVA 1. Judged from name alone as no label declaration was provided.,high,ai,2026-07-23 15:37:25.889
73,Ground Cumin,g,4.6200,Herbs and Spices,2026-03-19 09:57:56.13,400.0000,,,9,,,1.0000,,spice,f,daily,,,,,,10.00,,t,6.0000,weight,6.0000,t,,,,,,,,,,,[],,raw,,f,,percent,,,f,f,f,f,,,,,,,,1,[],Ground cumin is a single plain ground spice with no added ingredients. NOVA 1. Judged from name alone.,high,ai,2026-07-23 15:37:25.889
296,6 Strip fried chicken bag,each,0.1600,,2026-07-29 14:22:32.380709,1.0000,Polypouch,PZT-1602702450CLXX11,39,,https://polypouch.co.uk/products/clear-grip-seal?variant=43229698621677,,,packaging,f,daily,,,,,,10.00,,t,1.0000,pack,2000.0000,f,,,,,,,,,,,[],,raw,,f,,percent,,,f,f,f,f,,,,,,,,,[],,,,
115,Icing Sugar,kg,8.0400,,2026-03-19 09:57:56.267,3.0000,Tate & Lyle,,1,9,https://www.brake.co.uk/dry-store/sugar-sweeteners/icing-sugar/icing-sugar/tate-lyle-cane-sugar-icing-sugar-3kg/p/350101?term=icing&#x20;sugar,1.0000,,other,f,daily,,,,,,10.00,,t,1.0000,pack,2.0000,t,,,,,,,,,,,[],,raw,,f,,percent,,,f,f,t,f,,,,,,,,,[],,,,
96,Dark Soy Sauce,kg,6.9900,,2026-03-19 09:57:56.209,1.7500,Lee Kum Kee,,,,,1.0000,,sauce,f,daily,,,,,,10.00,,t,0.0000,weight,4.0000,t,,,,,,,,,,,[],,raw,,f,,percent,,,f,f,f,f,,,,,,,,,[],,,,
103,Nacho Cheese Sauce,kg,20.6300,,2026-03-19 09:57:56.229,1.5640,,,,,,1.0000,,sauce,f,daily,,,,,,10.00,,t,20.0000,weight,30.0000,t,,,,,,,,,,,[],,raw,,f,,percent,,,f,f,f,f,,,,,,,,,[],,,,
300,Large Classic Sliced Pepperoni,kg,16.7500,"No preservatives, nitrites or additives. Slow-smoked over beechwood. Made in Hungary.",2026-07-30 08:45:41.377209,1.0000,Properoni,6226,40,,https://salvo1968.co.uk/properoni-large-classic-sliced-pepperoni.html,1.0000,,cooked_meat,f,daily,,,,,,10.00,,f,0.0000,weight,,t,,1917.00,463.00,41.00,18.00,1.00,0.40,23.00,3.80,"Pork, salt, hot paprika powder 2%, spices, sugar.",[],,raw,,f,,percent,,,f,f,t,f,,,,,,,,3,[],"The label declaration lists only pork, salt, hot paprika powder, spices, and sugar — no nitrites/nitrates, no dextrose, no flavourings, no preservatives or other UPF markers. This is a traditionally cured meat made purely from meat, salt, spices and a small amount of sugar, placing it firmly in NOVA 3.",high,ai,2026-07-30 08:45:57.354
301,Premium Natural Beef Stock,kg,13.5700,Ready-to-use beef bouillon. Gluten Free.,2026-07-31 04:02:20.843788,1.0000,OSCAR,120824,1,,https://www.brake.co.uk/dry-store/cooking-ingredients/bouillons-stocks/stocks-jus/oscar-premium-natural-beef-stock-1l/p/120824,,,other,f,daily,,,,,,10.00,,f,0.0000,weight,,t,,181.00,43.00,0.20,0.10,0.80,0.50,9.20,0.52,"Water, beef bones, onion, carrot, leek, tomato puree, garlic, lovage, parsley.",[],0.50,raw,,f,,percent,,,f,f,t,f,,,,,,,,3,[],"The label declaration lists only water, beef bones, vegetables, tomato purée, garlic and herbs — no UPF markers present. This is a traditionally made stock/broth produced by cooking natural ingredients, analogous to a processed food (NOVA 3) combining NOVA 1 and NOVA 2 ingredients with no industrial additives.",high,ai,2026-07-31 04:02:53.847
191,British Red Tractor Diced Chicken Breast,kg,17.2400,,2026-03-19 09:57:56.471,2.5000,Prime Meats,70946,1,,https://www.brake.co.uk/meat-poultry/chilled-butchered-poultry/chicken/chicken-mince-diced-strips/prime-meats-british-red-tractor-diced-chicken-breast/p/70946?term=diced&#x20;chicken&#x20;fillet,0.8700,4.0000,raw_meat,t,daily,,75.00,30,170,70,40.00,,f,0.0000,weight,,t,,449.00,106.00,1.10,0.30,0.00,0.00,24.00,0.15,Chicken (100%),[],0.00,raw,,f,,percent,,,f,t,f,f,,,,,,,,1,[],"Label declaration confirms 100% chicken with no additives, preservatives or UPF markers. Plain minimally processed raw meat is NOVA 1.",high,ai,2026-07-23 15:37:25.889
28,Balsamic Glaze,g,2.6200,Sauces,2026-03-19 09:57:55.973,500.0000,,,10,,,1.0000,,sauce,f,daily,,,,,,10.00,,t,10.0000,pack,12.0000,t,,,,,,,,,,,[],,raw,,f,,percent,,,f,f,t,f,,,,,,,,4,"[""thickener (modified starch or glucose syrup)"", ""caramel colour or colour"", ""flavourings""]","Commercial balsamic glaze (no brand/label given) is typically an industrial product combining balsamic vinegar with glucose-fructose syrup, caramel colour, thickeners and flavourings rather than a simple reduction. Without a label declaration, the wholesale catering norm is NOVA 4.",medium,ai,2026-07-23 15:37:25.889
98,Plain Flour,kg,11.0900,,2026-03-19 09:57:56.214,16.0000,Sysco Classic,100222,1,9,https://www.brake.co.uk/dry-store/baking-mixes-ingredients/flour/plain-flour/sysco-classic-plain-flour/p/100222,1.0000,,other,f,daily,,,,,,760.00,,t,1.0000,pack,5.0000,t,,,,,,,,,,,"[""cereals_containing_gluten""]",,raw,,f,,percent,,,f,f,t,f,,,,,,,,2,[],Plain flour is a processed culinary ingredient (milled wheat grain) with no additives expected from a Sysco Classic bulk supply. NOVA 2.,high,ai,2026-07-23 15:37:25.889
139,American Mustard,kg,27.9600,,2026-03-19 09:57:56.339,11.6000,French's,,1,,https://www.brake.co.uk/dry-store/condiments-pickles/bulk-condiments/mustard/french-s-classic-yellow-mustard-3ltr/p/125178?term=yellow mustard,1.0000,,sauce,f,daily,,,,,,10.00,,t,2.0000,weight,2.0000,t,,,,,,,,,,,[],,raw,,f,,percent,,,f,f,t,f,,,,,,,,4,"[""flavourings"", ""turmeric colour (E100)"", ""preservatives (sodium benzoate or similar)""]","French's American Mustard is a well-known commercial product containing mustard seed, vinegar, salt, turmeric (colour), paprika, garlic, onion — and typically preservatives and natural flavourings beyond a simple home blend. The industrial formulation with colour and flavourings places it at NOVA 4.",medium,ai,2026-07-23 15:37:25.889
97,Honey ,g,3.5600,,2026-03-19 09:57:56.212,680.0000,sysco,A 350157,1,,https://www.brake.co.uk/dry-store/jam-honey-spread/honey-other-spreads/honey-other-spreads/sysco-squeezy-clear-blossom-honey/p/350157?term=honey,0.9500,,sauce,f,daily,,,,,,10.00,,t,5.0000,bottle,10.0000,t,,,,,,,,,,,[],,raw,,f,,percent,,,f,f,t,f,,,,,,,,1,[],Honey is a minimally processed natural product (NOVA 1). Sysco branded bulk honey is expected to be pure honey with no additives.,high,ai,2026-07-23 15:37:25.889
55,Lemon Juice,l,2.1100,Sauces,2026-03-19 09:57:56.073,1.0000,Sysco Classic ,,1,,https://www.brake.co.uk/dry-store/baking-mixes-ingredients/baking-ingredients/lemon-lime-juice/sysco-classic-lemon-juice-1ltr/p/136748?term=lemon&#x20;juice,1.0000,,sauce,f,daily,,,,,,10.00,,t,6.0000,bottle,6.0000,t,,,,,,,,,,,[],,raw,,f,,percent,,,f,f,t,f,,,,,,,,1,[],Sysco Classic lemon juice in catering format is expected to be 100% lemon juice — minimally processed (squeezed/filtered). NOVA 1.,medium,ai,2026-07-23 15:37:25.889
212,Black Compactor Sacks,pcs,11.2900,,2026-04-23 15:21:45.110106,200.0000,Paclan,A 28990,1,,https://www.brake.co.uk/catering-supplies/janitorial/refuse-sacks/black-refuse-sacks/paclan-black-compactor-sacks-457x737x838mm/p/28990?term=black,1.0000,,cleaning,f,daily,,,,,,10.00,,t,1.0000,pack,2.0000,f,,,,,,,,,,,[],,raw,,f,,percent,,,f,f,f,f,,,,,,,,,[],,,,
213,Mayonnaise,l,24.1300,,2026-04-27 10:50:02.191683,10.0000,country range,,9,,https://waterdene.coldweb.co.uk/ordering/pages/product_info.php?cPath=20001_251;products_id=9719,1.0000,,sauce,f,daily,,,,,,10.00,,t,3.0000,pack,4.0000,t,,,,,,,,,,,[],,raw,,f,,percent,,,f,f,t,f,,,,,,,,,[],,,,
298,12 Strip fried chicken bag,each,0.2500,,2026-07-29 14:29:09.531768,1.0000,Polypouch,PZN-2103102550CLXX11,39,,https://polypouch.co.uk/products/clear-grip-seal?variant=43229698719981,,,packaging,f,daily,,,,,,10.00,,t,1.0000,pack,2000.0000,f,,,,,,,,,,,[],,raw,,f,,percent,,,f,f,f,f,,,,,,,,,[],,,,
36,Black Olive Slices,kg,4.9900,Vegetables,2026-03-19 09:57:56.008,1.4000,BOLIVE,,2,,https://www.express-foodservice.co.uk/black-olive-slices.html,1.0000,,vegetable,f,daily,,,,,,10.00,5,t,0.0000,weight,,t,,655.00,157.00,15.30,2.00,3.80,0.00,1.60,3.10,"Black Olives (Olives, Colour Stabiliser: Ferrous Gluconate), Water, Salt.",[],2.40,raw,,f,,percent,,,f,f,f,t,,,,,,,,3,[],"Sliced black olives are typically canned/jarred in brine (olives + water + salt), which is a traditional preservation method placing them in NOVA 3. No UPF markers expected.",medium,ai,2026-07-23 15:37:25.889
286,Original BBQ Sauce,kg,26.0000,,2026-07-01 10:20:53.809655,5.0000,Sauce Shop,SS-OBS2,16,,https://wholesale.sauceshop.co/products/original-bbq-sauce-copy,1.0000,,sauce,f,daily,,,,,,10.00,,f,0.0000,weight,,t,,595.00,140.00,0.10,0.10,35.00,31.90,1.50,1.61,"Tomato Puree (56%), Sugar, White Grape Vinegar, Black Strap Molasses (1%), Salt, Citrus Fibre, Dried Onion, Smoked Paprika, Hickory Smoked Water (0.5%), Dried Garlic.",[],,raw,,f,,percent,,,f,f,f,f,,,,,,,,3,[],"Label declaration provided. Ingredients are: tomato puree, sugar, white grape vinegar, black strap molasses, salt, citrus fibre, dried onion, smoked paprika, hickory smoked water, dried garlic. All components are recognisable NOVA 1–3 ingredients (tomato puree = NOVA 3; sugar, vinegar, salt = NOVA 2; dried onion, smoked paprika, dried garlic, molasses = NOVA 1). Citrus fibre is a natural plant-derived fibre used here as a mild thickener/stabiliser, but in context it is a minimally processed ingredient rather than an industrial additive; hickory smoked water is a traditional-style flavouring technique (water infused with smoke), not a chemical smoke flavouring extract. No UPF markers (no modified starches, artificial flavourings, emulsifiers, glucose syrups, preservatives, colours or yeast extract) are present, so this sauce sits at NOVA 3.",high,ai,2026-07-30 10:09:49.463
199,Double Cream,kg,8.9900,Pasteurised. UK produced in resealable HDPE bottle. Suitable for vegetarians.,2026-03-19 09:57:56.492,2.2700,,70215,1,,https://www.brake.co.uk/dairy/cream/fresh/bulk/wholesome-farms-fresh-british-double-cream/p/70215,1.0000,,,t,daily,,,,,,150.00,,f,0.0000,weight,,t,,1865.00,453.00,49.00,30.00,1.90,1.90,1.80,0.06,Double Cream (Milk),"[""milk""]",0.00,raw,,f,,absolute,6.8100,,f,t,t,f,,,,,,,,1,[],Double cream is a minimally processed dairy product — separated from whole milk with no additives. NOVA 1 (analogous to plain milk/cream).,high,ai,2026-07-23 15:37:25.889
303,Black Compactor Sacks,pieces,11.9900,,2026-08-05 14:37:24.402743,200.0000,Paclan,28990,1,,https://www.brake.co.uk/catering-supplies/janitorial/refuse-sacks/black-refuse-sacks/paclan-black-compactor-sacks-457x737x838mm/p/28990,,,cleaning,f,daily,,,,,,10.00,,t,1.0000,pack,2.0000,f,,,,,,,,,,,[],,raw,,f,,percent,,,f,f,f,f,,,,,,,,,[],,,,
304,Anti-Bacterial Probe Wipes,box,21.4900,,2026-08-11 14:35:53.81677,6.0000,ETI,133053,1,22,https://www.brake.co.uk/catering-supplies/chemicals/hygiene-kitchen/antibacterial-probe-wipes/eti-anti-bacterial-probe-wipes/p/133053,,,cleaning,f,daily,,,,,,10.00,,t,2.0000,pack,1.0000,f,,,,,,,,,,,[],,raw,,f,,percent,,,f,f,f,f,6,,,,,,,,[],,,,
230,Blue roll (2ply),pieces,7.9900,,2026-04-27 12:45:56.940081,6.0000,Lucart,,9,1,https://waterdene.coldweb.co.uk/ordering/pages/product_info.php?cPath=20008_660;products_id=9642,1.0000,,cleaning,f,daily,,,,,,10.00,,t,3.0000,pack,8.0000,f,,,,,,,,,,,[],,raw,,f,,percent,,,f,f,f,f,,,,,,,,,[],,,,
84,Spicy Breading,kg,56.1400,,2026-03-19 09:57:56.167,7.0000,,,,,,1.0000,,spice,f,daily,,,,,,10.00,,t,3.0000,weight,6.0000,t,,,,,,,,,,,[],,raw,,f,,percent,,,f,f,f,f,,,,,,,,4,"[""flavourings"", ""modified starch"", ""spice extractives"", ""anti-caking agents""]","No label declaration provided, but 'Spicy Breading' is a commercial formulated seasoned coating blend. Such products sold to catering virtually always contain modified starch, flavourings, and anti-caking agents as part of their industrial formulation. Classified NOVA 4 at medium confidence.",medium,ai,2026-07-23 15:37:25.889
233,Foil Refill,roll,50.5700,,2026-04-27 13:00:58.250546,2.0000,Wrapmaster,45cmx150mx2,9,,https://waterdene.coldweb.co.uk/ordering/pages/product_info.php?cPath=20010_652;products_id=1811,1.0000,,other,f,daily,,,,,,10.00,,t,1.0000,pack,1.0000,f,,,,,,,,,,,[],,raw,,f,,percent,,,f,f,f,f,,,,,,,,,[],,,,
232,Film Refill,roll,43.7900,,2026-04-27 12:52:43.846313,2.0000,Wrapmaster,45cmx500mx2,9,,https://waterdene.coldweb.co.uk/ordering/pages/product_info.php?cPath=20010_652;products_id=1813,1.0000,,other,f,daily,,,,,,10.00,,t,1.0000,pack,1.0000,f,,,,,,,,,,,[],,raw,,f,,percent,,,f,f,f,f,,,,,,,,,[],,,,
299,18 Strip fried chicken bag,each,0.2600,,2026-07-29 14:30:17.16778,1.0000,Polypouch,PZT-2503352600CLXX11,39,,https://polypouch.co.uk/products/clear-grip-seal?variant=43229698785517,,,packaging,f,daily,,,,,,10.00,,t,1.0000,pack,2000.0000,f,,,,,,,,,,,[],,raw,,f,,percent,,,f,f,f,f,,,,,,,,,[],,,,
111,Corn Starch,kg,13.7200,,2026-03-19 09:57:56.253,5.0000,,,,,https://www.buywholefoodsonline.co.uk/cornflour-corn-starch.html,1.0000,,other,f,daily,,,,,,10.00,,t,0.0000,weight,,t,,1528.00,365.00,0.10,0.00,91.00,0.00,0.30,0.00,Cornflour,[],0.70,raw,,f,,percent,,,f,f,f,t,,,,,,,,2,[],"Corn starch (plain, unmodified) is a processed culinary ingredient analogous to plain starches used in home cooking. NOVA 2.",high,ai,2026-07-23 15:37:25.889
262,Cayenne Pepper,g,10.1800,,2026-05-13 09:36:37.141811,450.0000,Sysco,A 35014,1,,https://www.brake.co.uk/dry-store/cooking-ingredients/herbs-spices-seasonings/spices/sysco-classic-cayenne-pepper/p/35014?term=cayenne&#x20;pepper,1.0000,,seasoning,f,daily,,,,,,10.00,,t,3.0000,weight,3.0000,t,,1561.00,376.00,17.00,3.00,29.00,10.00,12.00,0.08,Cayenne Pepper,[],27.00,raw,,f,,percent,,,f,f,f,f,,,,,,,,1,[],"Cayenne pepper is a single plain spice. No label declaration was provided, but as a named single spice sold under the Sysco brand it is expected to be pure ground cayenne with no additives.",medium,ai,2026-07-23 15:37:25.889
271,Minced Burger Beef,kg,6.7900,,2026-05-19 12:13:48.643552,1.0000,,,26,,,0.7500,2.0000,raw_meat,t,daily,,70.00,25,180,70,150.00,5,f,0.0000,weight,,t,,,,,,,,,,Beef mince,[],,raw,,f,,percent,,,f,t,f,f,,45,,,,,,1,[],Label declaration confirms the ingredient is simply 'Beef mince' — plain minimally processed raw meat with no additives. NOVA 1.,high,ai,2026-07-23 15:37:25.889
305,Large Insulation (PWL02),each,0.0000,,2026-08-11 14:52:43.389684,0.0000,Puffin ,PWLO2,31,,orders@puffinpackaging.co.uk,,,packaging,f,daily,,,,,,10.00,,t,1.0000,pallet,1.0000,f,600,,,,,,,,,,[],,raw,,f,,percent,,,f,f,f,f,,,,,,,,,[],,,,
95,Tap Water,kg,0.0000,Water,2026-03-19 09:57:56.203,1.0000,,,17,,,1.0000,,other,f,daily,,,,,,10.00,,t,0.0000,weight,,t,,,,,,,,,,Water,[],,raw,,f,,percent,,,f,f,f,f,,,,,,,,1,[],Label declaration confirms this is plain water. Water is unambiguously NOVA 1.,high,ai,2026-07-23 15:37:25.889
249,Small Insulation (PWL01),each,0.0000,,2026-04-29 14:01:07.193605,0.0000,Puffin , PWL01,31,,orders@puffinpackaging.co.uk,1.0000,,packaging,f,daily,,,,,,10.00,,t,1.0000,pallet,1.0000,f,600,,,,,,,,,,[],,raw,,f,,percent,,,f,f,f,f,,,,,,,,,[],,,,
255,Coffee Beans ,kg,12.0000,,2026-05-07 15:18:14.72091,1.0000,Ernesto,Order-Whatsapp,33,,,1.0000,,other,f,daily,,,,,,10.00,,t,2.0000,pack,7.0000,t,,,,,,,,,,,[],,raw,,f,,percent,,,f,f,t,f,,,,,,,,,[],,,,
204,Minced Beef,kg,27.8600,,2026-03-19 09:57:56.504,2.5000,Brakes,F 32680,1,,https://www.brake.co.uk/meat-poultry/frozen-raw-butchered-meat/beef/beef-mince/brakes-10-fat-beef-mince/p/32680?term=beef&#x20;mince,0.8500,2.5000,raw_meat,f,daily,,70.00,30,170,70,30.00,,t,4.0000,pack,8.0000,t,,,,,,,,,,,[],,raw,,f,,percent,,,f,t,t,f,,,,,,,,,[],,,,
3,Salt,kg,5.9500,Dough,2026-03-17 17:27:12.929,6.0000,,,5,1,https://app.fresho.com/marketplace/products?company_id=77747b4c-4862-4ae6-9ff9-3c26d7bb45b3&mode=buy&supplier_id=f7ac3c2b-6dc9-4c67-94bd-4c5b5223b4c6&term=table%20salt,1.0000,,spice,f,daily,,,,,,10.00,,t,3.0000,pack,4.0000,t,,,,,,,,,,Salt,[],,raw,,f,,percent,,,f,f,t,f,,,,,,,,2,[],Label declaration confirms plain salt. Salt is a classic processed culinary ingredient. NOVA 2.,high,ai,2026-07-23 15:37:25.889
297,Calzone 8 bag,each,0.4800,,2026-07-29 14:24:13.22948,1.0000,Polypouch,PZT-3004352650CLXX11,39,,https://polypouch.co.uk/products/clear-grip-seal?variant=43229698883821,,,packaging,f,daily,,,,,,10.00,,t,2.0000,pack,1000.0000,f,,,,,,,,,,,[],,raw,,f,,percent,,,f,f,f,f,,,,,,,,,[],,,,
295,Mustard Powder,g,5.0000,ESTIMATED cost - update with real supplier price. Added for Nacho Cheese Block v4.,2026-07-21 15:06:25.46703,500.0000,,,22,,https://www.amazon.co.uk/Kilo-Spices-Mustard-Groceries-Additives/dp/B07XHSZ5XM/ref=sr_1_1_sspa?crid=1I9K3WQQDTP8D&dib=eyJ2IjoiMSJ9.mn53nS67mXit4ssfgu4Ov1Jc23C1zNiqyTiBYS1Qf0euSQbLtrQfkThxk3c9aB8fcSueCYLLYGC_XfEpFmQHsrGBPylcyfnoM0BjeAh7E7JXJhiXgEzMz19fPwiBQPVHuRkGX4oAxZ786cnAtHJTxwJpZ3ofFGNx89QCXQr4pClGp-Lt8XSTNbDvTM5YCAg8kYc4VjnAlaxjXqpesdJ5sG3czCJLPQ4HjOpBoMioOfdHl0zwxqJFdV_RshZ0BmCTHZAFd2g9z53MebKIfxhPscCjl61Tq0LzAT-TODLpM5s.PzWNgvyi_Uii8p5Exq0O8wTPkFi3eatJGbDDxou5qGI&dib_tag=se&keywords=mustard%2Bpowder&qid=1785471982&sprefix=mustard%2Bpowder%2Caps%2C151&sr=8-1-spons&aref=038PW6UWN8&sp_csd=d2lkZ2V0TmFtZT1zcF9hdGY&th=1,1.0000,,,f,daily,,,,,,10.00,,f,0.0000,weight,,t,,3070.00,735.00,36.00,2.20,49.00,4.00,26.00,0.10,mustard powder,"[""mustard"", ""cereals_containing_gluten""]",6.50,raw,,f,,percent,,,f,f,f,t,,,,,,,,1,[],Mustard powder is a single plain ground spice. No additives or UPF markers expected or declared. Unambiguously NOVA 1.,high,ai,2026-07-23 15:37:25.889
211,Honey Chipotle BBQ Sauce,kg,26.0000," Tomato Puree, Sugar, White Grape Vinegar, Honey (8%), Onion, Garlic, Salt, Smoked Paprika, Chipotle Pepper (0.5%).
2x2.5kg Catering Tub. 2-star Great Taste Award. Shelf life over 12 months; keep refrigerated after opening, use within 12 weeks.",2026-03-27 07:40:43.308683,5.0000,Sauce Shop,SS-HCB2,16,,https://wholesale.sauceshop.co/products/honey-chipotle-bbq-sauce,0.9800,,sauce,f,daily,,,,,,10.00,180,t,12.0000,weight,13.0000,t,,650.00,153.00,0.40,0.10,36.10,33.70,1.90,1.76,"Tomato Puree, Sugar, White Grape Vinegar, Honey (8%), Onion, Garlic, Salt, Smoked Paprika, Chipotle Pepper (0.5%).",[],,raw,,f,,percent,,,f,f,t,f,,,,,,,,3,[],"The label declaration contains only recognisable culinary ingredients: tomato puree, sugar, vinegar, honey, onion, garlic, salt, smoked paprika, and chipotle pepper. There are no UPF markers (no flavourings, modified starches, emulsifiers, glucose syrups or preservatives beyond the vinegar/tomato). This is a NOVA 3 processed food made by combining NOVA 1 and NOVA 2 ingredients using traditional methods.",high,ai,2026-07-23 15:37:25.889
21,Chicken Diced 20mm,kg,5.7500,Meat | 01908 375275,2026-03-19 09:57:55.941,1.0000,,,26,3,sales@nfsmeats.co.uk,0.8600,4.0000,raw_meat,f,daily,,75.00,25,,70,210.00,,f,0.0000,weight,,t,,,,,,,,,,Chicken Fillet,[],,raw,,f,,percent,,,f,t,f,f,,40,,,,,,,[],,,,
253,Burger Sauce (285ml),pieces,15.0000,,2026-05-06 15:03:29.580141,6.0000,sauce shop,,16,,https://wholesale.sauceshop.co/products/burger-sauce,1.0000,,other,f,daily,,,,,,10.00,,t,4.0000,pack,6.0000,t,,,,,,,,,,,[],,raw,,f,,percent,,,f,f,t,f,,,,,,,,,[],,,,
274,Tomato Ketchup (490g),pieces,15.0000,,2026-05-26 14:53:27.369728,6.0000,Sauce Shop,SS-TKE500,16,,https://wholesale.sauceshop.co/products/tomato-ketchup-case,1.0000,,other,f,daily,,,,,,10.00,,t,3.0000,pack,4.0000,t,,418.00,114.00,0.10,0.00,24.70,23.00,2.30,1.73,,[],,raw,,f,,percent,,,f,f,t,f,,,,,,,,,[],,,,
27,Demerara Sugar,kg,6.0700,Herbs and Spices,2026-03-19 09:57:55.971,3.0000,Tate &amp; Lyle,350099,1,9,https://www.brake.co.uk/dry-store/sugar-sweeteners/other-sugar/other-sugar/tate-lyle-demerara-sugar-3kg/p/350099?term=dem,1.0000,,other,f,daily,,,,,,10.00,,t,3.0000,pack,3.0000,t,,1709.00,402.00,0.00,0.00,100.00,100.00,0.50,0.01,Demerara Sugar,[],0.00,raw,,f,,percent,,,f,f,t,f,,,,,,,,2,[],Label declaration confirms this is pure Demerara Sugar with no additives. Sugar is a classic NOVA 2 processed culinary ingredient.,high,ai,2026-07-23 15:37:25.889
206,Gluten Free Crispy Fried Onions,kg,6.3600,,2026-03-23 17:09:49.528,1.0000,Cheeky,136733,1,,https://www.brake.co.uk/dry-store/cooking-ingredients/herbs-spices-seasonings/blends-other-seasonings/cheeky-gluten-free-crispy-fried-onions/p/136733,1.0000,,vegetable,f,daily,,,,,,10.00,5,t,5.0000,pack,10.0000,t,,1998.00,478.00,23.30,3.10,58.80,11.57,8.00,0.70,"Onions 75%, Sunflower Oil, Corn Starch, Salt",[],1.80,raw,,f,,percent,,,f,f,t,f,,,,,,,,3,[],"Ingredients are onions, sunflower oil, corn starch and salt — all NOVA 1 or 2 items combined using a frying/drying process. No UPF markers (no flavourings, emulsifiers, modified starches or additives). Classified as NOVA 3 (processed food using traditional ingredients).",high,ai,2026-07-23 15:37:25.889
192,Beef Flavour Bouillon Paste,kg,13.7400,"Gluten-free, resealable tub, good for 30 days from opening",2026-03-19 09:57:56.473,1.0000,Brakes,100448,1,,https://www.brake.co.uk/dry-store/cooking-ingredients/bouillons-stocks/bouillon-paste/brakes-beef-flavour-bouillon-paste/p/100448,1.0000,,sauce,f,daily,,,,,,10.00,,t,2.0000,weight,3.0000,t,,1573.00,376.00,21.00,5.00,38.00,8.70,8.10,23.30,"Vegetable Oils (Palm Oil, Rapeseed Oil, Sunflower Oil), Salt, Potato Starch, Maltodextrin, Flavouring, Yeast Extract, Sugar, Beef Fat, Colour (Plain Caramel), Beef Extract, Caramelised Sugar Syrup.",[],0.70,raw,,f,,percent,,,f,f,f,f,,,,,,,,4,"[""Maltodextrin"", ""Flavouring"", ""Yeast Extract"", ""Colour (Plain Caramel)""]","Label declaration confirms multiple UPF markers: maltodextrin (industrial bulking agent), flavouring, yeast extract (used as flavour enhancer), and a colour (plain caramel). These are all hallmark NOVA 4 indicators.",high,ai,2026-07-23 15:37:25.889
263,Five Bean Salad,g,1.5100,"Soaked, blanched beans in hermetically sealed cans. Ready-to-eat. Suitable for vegetarians and vegans. Halal.",2026-05-13 09:54:53.903388,800.0000,Riverdene,150423,1,,https://www.brake.co.uk/dry-store/canned/canned-beans-pasta-meals/baked-beans/riverdene-five-bean-salad-800g/p/150423?term=beans&#x20;mexican,0.6000,,vegetable,f,daily,,,,,,10.00,180,t,10.0000,weight,10.0000,t,,562.00,133.00,1.30,0.00,20.00,0.80,7.10,0.04,"Mixed Beans (Butter beans, Borlotti beans, Cannellini beans, Chickpeas, Red kidney beans), Water",[],6.60,raw,,f,,percent,,,f,f,t,f,,,,,,,,3,[],Label shows only mixed beans and water — classic tinned/jarred legumes preserved in water with no UPF additives. This is a traditional preservation method placing it firmly at NOVA 3.,high,ai,2026-07-23 15:37:25.889
276,Food waste Bags,each,8.3200,,2026-06-02 14:57:08.815383,40.0000,Bin it,,22,,,1.0000,,cleaning,f,daily,,,,,,10.00,,t,1.0000,pack,4.0000,f,,,,,,,,,,,[],,raw,,f,,percent,,,f,f,f,f,,,,,,,,,[],,,,
293,Agar Agar Powder,g,5.7900,ESTIMATED cost - update with real supplier price. Added for Nacho Cheese Block v4.,2026-07-21 15:06:25.46703,100.0000,,,22,,https://www.amazon.co.uk/Special-Ingredients-Premium-Gelatine-European/dp/B00EZMPMNE/ref=sxts_b2b_sx_reorder_acb_customer?content-id=amzn1.sym.97ba6ca1-ec4d-4fe2-a718-8a3d5310ab37%3Aamzn1.sym.97ba6ca1-ec4d-4fe2-a718-8a3d5310ab37&crid=37B403P8NIE6D&cv_ct_cx=agar%2Bagar%2Bpowder&keywords=agar%2Bagar%2Bpowder&pd_rd_i=B00EZMPMNE&pd_rd_r=6fc1d2b5-6501-41ea-bf0b-e612aba98307&pd_rd_w=faUhd&pd_rd_wg=w9pzk&pf_rd_p=97ba6ca1-ec4d-4fe2-a718-8a3d5310ab37&pf_rd_r=ZBEEKS447ZKDE5PJG2TH&qid=1785471753&sbo=RZvfv%2F%2FHxDF%2BO5021pAnSA%3D%3D&sprefix=agar%2Bagar%2Caps%2C165&sr=1-1-5c11c925-d363-4ed4-922a-1400e98cc0d4&th=1,1.0000,,,f,daily,,,,,,10.00,,f,0.0000,weight,,t,,49.00,12.00,0.20,0.10,2.90,0.00,0.30,1.00,Agar,[],1.70,raw,,f,,percent,,,f,f,f,t,,,,,,,,2,[],"Agar agar powder is a plain extracted polysaccharide derived from seaweed, used as a culinary gelling agent (analogous to gelatine or starch). It is a processed culinary ingredient with no UPF markers, placing it at NOVA 2.",medium,ai,2026-07-23 15:37:25.889
294,Annatto Powder,g,5.0000,ESTIMATED cost - update with real supplier price. Added for Nacho Cheese Block v4.,2026-07-21 15:06:25.46703,100.0000,,,,,https://www.amazon.co.uk/Old-India-Ground-Annatto-50g/dp/B0DDKWZ25S/ref=sxts_b2b_sx_reorder_acb_customer?content-id=amzn1.sym.97ba6ca1-ec4d-4fe2-a718-8a3d5310ab37%3Aamzn1.sym.97ba6ca1-ec4d-4fe2-a718-8a3d5310ab37&crid=2M97LVWR6QAVV&cv_ct_cx=annatto%2Bpowder&keywords=annatto%2Bpowder&pd_rd_i=B08NDG3W6F&pd_rd_r=f5da6803-0f63-443d-a735-9775e3edbdcc&pd_rd_w=q4O3D&pd_rd_wg=XAqTT&pf_rd_p=97ba6ca1-ec4d-4fe2-a718-8a3d5310ab37&pf_rd_r=2FS4YGZKXK172JF5RQ2M&qid=1785471876&sbo=RZvfv%2F%2FHxDF%2BO5021pAnSA%3D%3D&sprefix=annatto%2Bpowder%2Caps%2C139&sr=1-1-5c11c925-d363-4ed4-922a-1400e98cc0d4&th=1,1.0000,,seasoning,f,daily,,,,,,10.00,,f,0.0000,weight,,t,,1400.00,335.00,15.00,3.00,50.00,0.00,6.00,0.00,Annatto,[],8.00,raw,,f,,percent,,,f,f,f,t,,,,,,,,1,[],"Annatto powder is a natural colourant/spice ground from annatto seeds. As a plain single dried spice/colourant in powder form with no additives declared, it is NOVA 1.",medium,ai,2026-07-23 15:37:25.889
290,Skinless and Boneless Chicken Thighs,kg,51.5900,,2026-07-19 07:33:11.881365,10.0000,Sysco Essentials,132801,1,,https://www.brake.co.uk/meat-poultry/chilled-butchered-poultry/chicken/chicken-thighs/sysco-essentials-skinless-and-boneless-uncalibrated-chicken-thighs/p/132801,0.7200,20.0000,raw_meat,f,daily,,,,,,10.00,,f,0.0000,weight,,t,,528.00,126.00,6.00,2.00,0.00,0.00,18.00,0.23,Chicken Thigh,[],0.00,raw,,f,,percent,,,f,t,f,f,,,,,,,,1,[],"Label declaration is simply 'Chicken thighs' — a single-ingredient raw meat with no additives, preservatives or processing aids. This is unambiguously a minimally processed food.",high,ai,2026-07-31 09:07:55.761
154,Diced Beef,kg,25.8400,,2026-03-19 09:57:56.376,2.5000,Birchstead,136642,1,,https://www.brake.co.uk/meat-poultry/chilled-butchered-meat/beef-mince-diced-offal/beef-dice/birchstead-diced-beef-98vl/p/136642,1.0000,4.5000,raw_meat,f,daily,,75.00,210,155,50,130.00,,f,0.0000,weight,,t,,545.00,130.00,4.90,2.00,0.00,0.00,21.00,0.08,Beef,[],0.00,raw,,f,,percent,,,f,t,f,t,,30,,,,,,1,[],Plain diced beef is an unprocessed/minimally processed raw meat — no added ingredients. NOVA 1. Judged from name alone.,high,ai,2026-07-23 15:37:25.889
31,Piri Piri Glaze,kg,19.9900,Herbs and Spices,2026-03-19 09:57:55.989,2.5000,MRC,GL05108,3,,https://butchers-sundries.com/products/mrc-piri-piri-glaze?_pos=1&_psq=piri+&_ss=e&_v=1.0,1.0000,,sauce,f,daily,,,,,,10.00,,t,2.0000,pack,3.0000,t,,630.00,150.00,5.00,1.00,22.00,18.00,1.00,1.80,"Sugar, Starch, Maltodextrin, Spices (Paprika, Cracked Red Chilli (4%), Cayenne), Salt, Dried Tomato (7%), Dried Garlic, Dried Onion, Acid (Citric Acid), Yeast Extract (Yeast Extract, Salt), Natural Flavourings, Colour (Paprika Extract), Thickener (Guar Gum), Natural Capsicum Flavouring.",[],0.50,raw,,f,,percent,,,f,f,t,t,,,,,,,,,[],,,,
15,Spring Onions,kg,5.8000,Vegetables,2026-03-19 09:57:55.908,1.0000,,,5,,,0.8700,,vegetable,t,daily,,,,,,100.00,5,f,0.0000,weight,,t,,,,,,,,,,,[],,raw,,f,,percent,,,f,f,f,f,,,,,,,,1,[],Spring onions are a fresh vegetable with no processing. Unambiguously NOVA 1.,high,ai,2026-07-23 15:37:25.889
284,Boneless Chicken Thigh,kg,7.0200,,2026-07-01 10:13:31.957325,1.0000,,,26,3,,0.8600,3.0000,raw_meat,f,daily,,75.00,25,155,70,10.00,,f,0.0000,weight,,t,,893.00,214.00,12.00,3.50,0.00,0.00,26.00,0.08,,[],0.00,raw,,f,,percent,,,f,t,f,t,1,40,,,,,,1,[],Plain boneless chicken thigh with no label declaration indicating any additives. Raw unprocessed poultry is unambiguously NOVA 1.,high,ai,2026-07-23 15:37:25.889
47,Mozzarella,kg,49.9900,Cheese,2026-03-19 09:57:56.042,12.0000,primo,,2,,https://www.express-foodservice.co.uk/primo-grated-pure-mozzarella-yellow.html,1.0000,,cheese,t,weekly,Tuesday,,,,,800.00,,t,72.0000,weight,276.0000,t,,,,,,,,,,"Mozzarella (Pasteurised Bovine MILK, Salt, Lactic Starter Culture, Microbial Rennet. Cellulose.)","[""milk""]",,raw,,f,,percent,,,f,f,t,f,,,,,,,,3,[],"Label shows pasteurised milk, salt, lactic starter culture and microbial rennet — a traditional mozzarella formulation. Cellulose is a minor anti-caking/moisture agent on the surface; mozzarella made this way remains NOVA 3 as a traditional fermented/cured cheese.",high,ai,2026-07-23 15:37:25.889
267,Powderfree Nitrile Gloves Blue Medical (SMALL),each,32.7600,,2026-05-14 15:03:57.967876,10.0000,Supertouch,SPT_D18-Blue-Medical,35,,https://www.prontodirect.co.uk/supertouch-powderfree-nitrile-gloves-blue-medical/,1.0000,,other,f,daily,,,,,,10.00,,t,1.0000,pack,4.0000,f,,,,,,,,,,,[],,raw,,f,,percent,,,f,f,f,f,,,,,,,,,[],,,,
268,Powderfree Nitrile Gloves Blue Medical (XL),each,48.0000,,2026-05-18 14:40:03.805335,10.0000,Supertouch,SPT_D18-Blue-Medical,35,,https://www.prontodirect.co.uk/supertouch-powderfree-nitrile-gloves-blue-medical/,1.0000,,other,f,daily,,,,,,10.00,,t,1.0000,pack,4.0000,f,,,,,,,,,,,[],,raw,,f,,percent,,,f,f,f,f,,,,,,,,,[],,,,
269,Days of the week stickers,each,7.6100,,2026-05-18 14:45:17.730581,3500.0000,SZCXDKJ,,22,,,1.0000,,tape_labels,f,daily,,,,,,10.00,,t,1.0000,pack,2.0000,f,,,,,,,,,,,[],,raw,,f,,percent,,,f,f,f,f,,,,,,,,,[],,,,
11,Pepperoni,kg,10.2800,Meat,2026-03-19 09:57:55.886,1.0000,Gran Bosco,C 135639,1,,https://www.brake.co.uk/delicatessen/cooked-cured-meat-poultry/continental/other-continental/gran-bosco-sliced-pepperoni-1kg/p/135639,1.0000,,cooked_meat,f,daily,,,,,,10.00,,t,10.0000,pack,15.0000,t,,,,,,,,,,,[],,raw,,f,,percent,,,f,f,t,f,,,,,,,,4,"[""preservatives (nitrites)"", ""dextrose"", ""flavourings""]","Gran Bosco pepperoni sold into UK catering follows the wholesale norm: it typically contains sodium nitrite (E250), dextrose and flavourings. Without a full label declaration, the wholesale norm for commercial pepperoni is NOVA 4 at medium confidence.",medium,ai,2026-07-23 15:37:25.889
58,Red Onion Chutney,kg,10.3400,Sauces,2026-03-19 09:57:56.081,1.2500,Lion,,9,,https://waterdene.coldweb.co.uk/ordering/pages/product_info.php?cPath=20001_238;products_id=9340,1.0000,,sauce,f,daily,,,,,,10.00,,t,12.0000,pack,13.0000,t,,,,,,,,,,,[],,raw,,f,,percent,,,f,f,t,f,,,,,,,,4,"[""flavourings"", ""preservatives"", ""modified starch"", ""acidity regulators""]","Lion Red Onion Chutney is a commercially produced condiment. Wholesale chutneys of this type routinely contain flavourings, modified starch, preservatives and acidity regulators beyond a traditional home recipe, making this NOVA 4. No label declaration provided so judged from brand/category norm.",medium,ai,2026-07-23 15:37:25.889
12,Red peppers,kg,13.9500,Vegetables,2026-03-19 09:57:55.9,5.0000,,,5,1,,0.8470,,vegetable,t,daily,,,,,,215.00,5,f,0.0000,weight,,t,,131.00,31.00,0.30,0.05,6.00,4.20,1.00,0.01,Red peppers,[],2.20,raw,,f,,percent,,,f,f,f,t,,,,,,,,1,[],Label declaration is 'Red peppers' — a single fresh vegetable ingredient. Unambiguously NOVA 1.,high,ai,2026-07-23 15:37:25.889
37,Tomato Puree (paste),g,2.4300,Base | 01525 371367,2026-03-19 09:57:56.012,800.0000,,,10,,,1.0000,,sauce,t,weekly,Tuesday,,,,,1300.00,,t,36.0000,weight,72.0000,t,,,,,,,,,,Tomato paste,[],,raw,,f,,percent,,,f,f,t,f,12,,,,,,,3,[],Label declaration is 'Tomato paste' — concentrated tomatoes with no additives declared. Traditional tomato purée is NOVA 3.,high,ai,2026-07-23 15:37:25.889
63,Garlic Cloves fresh peeled,kg,5.4100,Herbs and Spices,2026-03-19 09:57:56.102,1.0000,,,1,5,https://www.brake.co.uk/fresh-produce/vegetables/prepared-vegetables/garlic/peeled-garlic/p/13120?term=peeled&#x20;garlic,1.0000,,vegetable,f,daily,,,,,,10.00,5,t,15.0000,pack,10.0000,t,,,,,,,,,,,[],,raw,,f,,percent,,,f,f,t,f,,,,,,,,1,[],Fresh peeled garlic cloves are a minimally processed whole food vegetable. Peeling does not change NOVA class.,high,ai,2026-07-23 15:37:25.889
194,Macaroni,kg,7.5500,,2026-03-19 09:57:56.48,5.0000,Sysco Classic, A 146186,1,,https://www.brake.co.uk/dry-store/rice-pasta-noodles/pasta/dried-pasta/sysco-classic-straight-macaroni-5kg/p/146186?term=macoroni,1.0000,,pasta,f,daily,,,,,,10.00,,t,8.0000,pack,12.0000,t,,,,,,,,,,,[],,raw,,f,,percent,,,f,f,t,f,,,,,,,,1,[],"Sysco Classic Macaroni is a plain dried pasta made from durum wheat semolina and water — a minimally processed staple, NOVA 1.",high,ai,2026-07-23 15:37:25.889
76,Beef Bouillion,kg,19.9600,Herbs and Spices,2026-03-19 09:57:56.139,1.0000,,,9,,,1.0000,,sauce,f,daily,,,,,,10.00,,t,0.0000,weight,,t,,,,,,,,,,"Vegetable Oils (Palm Oil, Rapeseed Oil, Sunflower Oil), Salt, Potato Starch, Maltodextrin, Flavouring, Yeast Extract, Sugar, Beef Fat, Colour (Plain Caramel), Beef Extract, Caramelised Sugar Syrup.",[],,raw,,f,,percent,,,f,f,f,f,,,,,,,,4,"[""Maltodextrin"", ""Flavouring"", ""Yeast Extract"", ""Colour (Plain Caramel)"", ""Potato Starch"", ""Palm Oil"", ""Caramelised Sugar Syrup""]","Label declaration confirms multiple UPF markers: maltodextrin, flavouring, yeast extract (used as flavour enhancer), colour (plain caramel), and an industrial blend of vegetable oils. This is clearly an ultra-processed industrial formulation.",high,ai,2026-07-23 15:37:25.889
34,Greek Feta Cheese,g,10.0400,Cheese,2026-03-19 09:57:56.001,800.0000,Brakes,134491,1,9,https://www.brake.co.uk/delicatessen/speciality-cheese/world-cheese/greek-cheese/greek-feta-cheese/p/134491?term=feta,1.0000,,cheese,f,daily,,,,,,10.00,,t,8.0000,pack,10.0000,t,,1155.00,276.00,23.00,16.10,0.70,0.70,16.50,2.50,"Pasteurised sheep's milk (70 %) min, pasteurised goat's milk (30%) max, salt, microbial rennet, culture.","[""milk""]",0.00,raw,,f,,percent,,,f,f,t,f,,,,,,,,3,[],"Label declaration shows only pasteurised sheep's and goat's milk, salt, microbial rennet, and culture — a traditional cheese with no UPF markers. NOVA 3.",high,ai,2026-07-23 15:37:25.889
198,Extra Matture Cheddar,kg,16.5500,"Matured approx. 15 months, slightly nutty flavour. Suitable for vegetarians.",2026-03-19 09:57:56.49,2.4400,Sysco Premium,74041,1,,https://www.brake.co.uk/dairy/block-grated-cheese/cheddar/block/sysco-premium-extra-mature-white-cheddar/p/74041?term=mature&#x20;cheddar,1.0000,,cheese,f,daily,,,,,,10.00,,t,4.0000,pack,5.0000,t,,1723.00,416.00,35.00,22.00,0.00,0.00,25.00,1.90,Cheddar (Milk),"[""milk""]",0.00,raw,,f,,percent,,,f,f,f,f,,,,,,,,3,[],"Extra Mature Cheddar (Sysco Premium) is a traditional hard cheese made from milk, salt, starter cultures and rennet. Traditional cheddar is NOVA 3 regardless of maturity level.",high,ai,2026-07-23 15:37:25.889
116,Marinade Spice Mix,kg,11.2800,,2026-03-19 09:57:56.27,1.0000,,,17,,,1.0000,,spice,f,daily,,,,,,10.00,,t,0.0000,weight,,t,,,,,,,,,,,[],,raw,,f,,percent,,,f,f,f,f,,,,,,,,4,"[""anti-caking agents (expected)"", ""flavour enhancers (expected)"", ""sugar (expected)""]","Judging from the name alone — no label declaration provided. Commercial spice/seasoning mixes sold to catering almost universally contain anti-caking agents, flavour enhancers (e.g. yeast extract, MSG) and/or sugar as formulation aids, qualifying as NOVA 4. Confidence is low as the exact blend is unknown.",low,ai,2026-07-23 15:37:25.889
189,Pigs In Blankets,kg,15.5000,,2026-03-19 09:57:56.466,1.0000,,,3,,,0.7900,3.0000,raw_meat,t,daily,,70.00,20,180,50,130.00,,f,0.0000,weight,,t,,,,,,,,,,,[],,raw,,f,,absolute,2.5000,1,f,t,f,f,,,,,,,,4,"[""preservatives (likely nitrites)"", ""seasoning blend"", ""modified starch or rusk (typical wholesale formulation)""]","Pigs in Blankets are a processed composite product (sausage wrapped in bacon) — the wholesale norm for such products includes rusk, seasoning blends, preservatives (nitrites) and often flavourings, making them NOVA 4. No label declaration provided; judged from category and typical UK catering formulation.",medium,ai,2026-07-23 15:37:25.889
208,Streaky Bacon,kg,9.9900,,2026-03-23 17:11:02.22,1.0000,,NFS,26,,,1.0000,,other,t,daily,,,,,,0.00,,t,0.0000,weight,,t,,1340.00,320.00,28.00,10.00,0.00,0.00,30.00,1.80,Streaky bacon,[],0.00,raw,,f,,percent,,,f,f,f,t,,,,,,,,3,[],"The label declaration reads only 'Streaky bacon' with no further ingredients listed indicating additives or nitrite preservatives. Taking the declaration at face value, this is a traditionally cured meat (pork + salt), placing it at NOVA 3. If a full ingredients list were available and revealed nitrites or other additives, it could move to NOVA 4.",low,ai,2026-07-23 15:37:25.889
83,Whole Milk,kg,2.7900,"Dairy
Pasteurised, homogenised. Single 4 pint bottle. Suitable for vegetarians.",2026-03-19 09:57:56.162,2.2700,,70219,1,5,https://www.brake.co.uk/dairy/milk/fresh/bulk-whole/wholesome-farms-fresh-british-whole-milk/p/70219,1.0000,,dairy,t,daily,,,,,,150.00,,f,0.0000,weight,,t,,262.00,63.00,3.50,2.00,4.40,4.40,3.40,0.11,Whole Milk,"[""milk""]",0.00,raw,,f,,absolute,13.6200,,f,t,t,f,,,,,,,,1,[],Whole milk is a minimally processed food — pasteurisation is the only industrial step. No additives or UPF markers present.,high,ai,2026-07-23 15:37:25.889
216,Garlic Powder,g,4.4200,,2026-04-27 11:11:09.955526,500.0000,Sysco Classic ,A 33686,1,9,https://www.brake.co.uk/dry-store/cooking-ingredients/herbs-spices-seasonings/blends-other-seasonings/sysco-classic-garlic-powder/p/33686?term=garlic&#x20;powder,1.0000,,seasoning,f,daily,,,,,,10.00,,t,3.0000,pack,7.0000,t,,1385.00,331.00,0.50,0.10,72.00,2.00,17.00,0.15,Garlic powder,[],2.10,raw,,f,,percent,,,f,f,t,t,,,,,,,,1,[],No label declaration provided. Sysco Classic garlic powder is a single-ingredient dried spice. No evidence of anti-caking agents or blending from the name/brand alone; classified NOVA 1 at medium confidence.,medium,ai,2026-07-23 15:37:25.889
61,Grated Mature White Cheddar Cheese,kg,5.4300,Cheese,2026-03-19 09:57:56.095,1.0000,Sysco Classic,71268,1,,https://www.brake.co.uk/dairy/block-grated-cheese/cheddar/grated-shredded/sysco-classic-grated-mature-white-cheddar-cheese/p/71268,1.0000,,cheese,t,daily,,,,,,200.00,,f,0.0000,weight,,t,,1718.00,414.00,34.00,21.00,1.70,0.00,25.00,1.90,,"[""milk""]",0.00,raw,,f,,percent,,,f,f,f,f,,,,,,,,3,[],"Mature Cheddar is a traditional hard cheese made from milk, salt, starter cultures and rennet. Even in a pre-grated Sysco Classic format it remains a traditional cheese product and is NOVA 3. No label declaration provided; judged from product type.",medium,ai,2026-07-23 15:37:25.889
42,Mild Chilli Powder,g,4.1800,Herbs and Spices,2026-03-19 09:57:56.029,500.0000,Sysco Classic,33601,1,,https://www.brake.co.uk/dry-store/cooking-ingredients/herbs-spices-seasonings/spices/sysco-classic-mild-chilli-powder/p/33601?term=chilli&#x20;powder,1.0000,,spice,f,daily,,,,,,10.00,,t,3.0000,bottle,7.0000,t,,1561.00,376.00,17.00,3.00,29.00,10.00,12.00,0.08,"Paprika, Chilli Powder (20%)",[],27.00,raw,,f,,percent,,,f,f,f,f,,,,,,,,1,[],"Label declaration lists only Paprika and Chilli Powder (20%) — both plain spices, no anti-caking agents, flavour enhancers or other additives present. This is a simple two-spice blend and qualifies as NOVA 1.",high,ai,2026-07-23 15:37:25.889
7,Fior Di Latte,kg,49.9900,Cheese,2026-03-18 09:14:31.112,10.0000,,,2,10,https://www.express-foodservice.co.uk/fior-di-latte-10mm-napoli-cut-mozzarella.html,1.0000,,base,t,weekly,Tuesday,,,,,1250.00,,t,60.0000,weight,230.0000,t,,1100.00,260.00,20.00,13.00,3.00,0.30,25.00,0.70,"Mozzarella (Pasteurised Bovine MILK, Salt, Lactic Starter Culture, Microbial Rennet, Cellulose)","[""milk""]",0.00,raw,,f,,percent,,,f,f,t,t,,,,,,,,3,[],"Label declaration shows pasteurised milk, salt, lactic starter culture, microbial rennet — all traditional cheesemaking ingredients. Cellulose is present but used as an anti-caking agent on the shredded surface, which is standard for fresh mozzarella packaging and does not push it to NOVA 4 under traditional cheese norms. Classified as NOVA 3 traditional cheese.",high,ai,2026-07-23 15:37:25.889
38,Garlic Granules,g,6.1200,Herbs and Spices,2026-03-19 09:57:56.016,700.0000,,,9,,,1.0000,,spice,f,daily,,,,,,10.00,,t,3.0000,weight,1.0000,t,,1326.00,317.00,0.50,0.10,69.00,1.00,17.00,0.05,Garlic Granules,[],2.10,raw,,f,,percent,,,f,f,f,t,,,,,,,,1,[],Label declaration is simply 'Garlic Granules' — a minimally processed single-ingredient spice. NOVA 1.,high,ai,2026-07-23 15:37:25.889
49,Hoisin Sauce,kg,9.5800,Sauces,2026-03-19 09:57:56.049,1.1000,Knorr blue dragon,,1,,https://www.brake.co.uk/dry-store/foods-of-the-world/cooking-sauces/oriental/knorr-professional-blue-dragon-hoi-sin-concentrated-sauce-1-1l/p/85664?term=hoisin,1.0000,,sauce,f,daily,,,,,,10.00,,t,9.0000,bottle,10.0000,t,,,,,,,,,,,[],,raw,,f,,percent,,,f,f,t,f,,,,,,,,4,"[""flavourings"", ""modified starch"", ""glucose syrup"", ""preservatives""]","Blue Dragon / Knorr hoisin sauce is a commercial industrial condiment. Hoisin sauce at wholesale catering scale invariably contains flavourings, modified starch, glucose syrup and preservatives. No label declaration provided but formulation norm is well established.",medium,ai,2026-07-23 15:37:25.889
59,Burger Sauce (2.1kg catering),kg,15.0000,Sauces,2026-03-19 09:57:56.086,2.1000,sauce shop,,16,,https://wholesale.sauceshop.co/products/burger-sauce,1.0000,,sauce,f,daily,,,,,,10.00,,t,6.0000,bottle,10.0000,t,,,,,,,,,,,[],,raw,,f,,percent,,,f,f,t,f,,,,,,,,4,"[""flavourings"", ""emulsifiers"", ""stabilisers"", ""preservatives""]","Sauce Shop's catering 2.1 kg burger sauce is an industrial condiment (mayonnaise-style base with relish components). Commercial burger sauces in this format typically contain flavourings, emulsifiers, stabilisers and preservatives. No label provided but wholesale norm is firmly NOVA 4.",medium,ai,2026-07-23 15:37:25.889
144,Dijon Mustard,kg,13.0100,,2026-03-19 09:57:56.352,2.2700,Lion,,1,,https://www.brake.co.uk/dry-store/gravy-sauces/ready-to-use-sauces/ready-to-use-sauces/lion-dijon-mustard/p/149599?term=dijon,1.0000,,sauce,f,daily,,,,,,10.00,,t,1.0000,bottle,2.0000,t,,,,,,,,,,,[],,raw,,f,,percent,,,f,f,t,f,,,,,,,,3,[],"Lion Dijon Mustard is a traditional French-style mustard made from mustard seeds, water, vinegar and salt — a processed food using only NOVA 1 and 2 ingredients with no UPF markers expected in a classic Dijon formulation. NOVA 3.",medium,ai,2026-07-23 15:37:25.889
270,Corn Syrup,kg,15.0000,,2026-05-18 14:49:33.034887,5.0000,Daesang ,,28,22,,1.0000,,other,f,daily,,,,,,10.00,,t,6.0000,bottle,8.0000,t,,,,,,,,,,,[],,raw,,f,,percent,,,f,f,t,f,,,,,,,,,[],,,,
272,Ariel Professional Regular Laundry Powder,kg,24.9200,,2026-05-19 14:55:01.329275,5.5000,Ariel,5001173,1,,https://www.brake.co.uk/catering-supplies/chemicals/laundry/manual-biological/ariel-professional-regular-laundry-powder-5-5kg/p/5001173,1.0000,,,f,daily,,,,,,10.00,,t,1.0000,pack,1.0000,f,,,,,,,,,,,[],,raw,,f,,percent,,,f,f,f,f,,,,,,,,,[],,,,
273,Buffalo Hot Sauce (160g),pieces,13.8000,,2026-05-26 14:49:29.026529,6.0000,Sauce Shop,SS-BHS,16,,https://wholesale.sauceshop.co/products/buffalo-hot-sauce-case,1.0000,,,f,daily,,,,,,10.00,,t,4.0000,pack,6.0000,t,,415.00,100.00,8.80,3.00,4.20,3.10,1.90,4.21,,"[""soybeans""]",,raw,,f,,percent,,,f,f,t,f,,,,,,,,,[],,,,
65,Salted Butter,g,1.8600,Dairy,2026-03-19 09:57:56.109,250.0000,Brakes,C 71128,1,5,https://www.brake.co.uk/dairy/butter-spread-fat/butter/bulk-salted/brakes-salted-butter/p/71128?term=salted&#x20;butter,1.0000,,,f,daily,,,,,,10.00,,t,36.0000,pack,2.0000,t,,3220.00,770.00,82.00,51.00,0.70,0.70,0.60,1.50," Butter (Milk), Salt","[""milk""]",0.00,raw,,f,,percent,,,f,f,f,t,,,,,,,,2,[],Salted butter is butter with added salt — a traditional processed culinary ingredient firmly in NOVA 2. No UPF markers are present in a standard salted butter formulation.,high,ai,2026-07-23 15:37:25.889
43,Oregano,g,2.1100,Herbs and Spices,2026-03-19 09:57:56.032,100.0000,Sysco Classic,A 33592,1,,https://www.brake.co.uk/dry-store/cooking-ingredients/herbs-spices-seasonings/herbs/sysco-classic-oregano/p/33592?term=oregano,1.0000,,herb,f,daily,,,,,,10.00,,t,3.0000,weight,6.0000,t,,,,,,,,,,Oregano,[],,raw,,f,,percent,,,f,f,f,f,,,,,,,,1,[],Label declaration is simply 'Oregano' — a single dried herb with no additives. This is an unambiguous NOVA 1 ingredient.,high,ai,2026-07-23 15:37:25.889
44,Mixed Herbs,g,2.8800,"Herbs and Spices
Suitable for vegetarians and vegans. Dried herb blend in resealable PET tub.",2026-03-19 09:57:56.034,130.0000,Sysco Classic,A 33590,1,,https://www.brake.co.uk/dry-store/cooking-ingredients/herbs-spices-seasonings/herbs/sysco-classic-mixed-herbs/p/33590?term=mixed&#x20;herbs,1.0000,,herb,f,daily,,,,,,10.00,,t,3.0000,weight,6.0000,t,,1099.00,265.00,5.20,2.00,17.00,2.30,18.00,0.28,"Marjoram, Thyme, Parsley, Basil, Savory",[],39.00,raw,,f,,percent,,,f,f,f,f,,,,,,,,1,[],"Label declaration lists only plain dried herbs (Marjoram, Thyme, Parsley, Basil, Savory) with no additives, anti-caking agents or flavour enhancers. This is a simple home-style herb blend and qualifies as NOVA 1.",high,ai,2026-07-23 15:37:25.889
32,Blue Pizzeria Flour Type 00,kg,16.6900,"Dough
May contain soya. Suitable for vegetarians and vegans. Halal certified.",2026-03-19 09:57:55.994,15.0000,Caputo,,2,10,https://www.brake.co.uk/dry-store/baking-mixes-ingredients/flour/speciality-flour/caputo-blue-pizzeria-flour-type-00/p/5027166,1.0000,,dough,t,weekly,Tuesday,,,,,750.00,,t,8.0000,pack,30.0000,t,,1502.00,354.00,1.00,0.20,72.00,1.00,12.50,0.01,"00 Flour (Wheat, Calcium Carbonate, Iron, Niacin, Thiamin)","[""cereals_containing_gluten""]",3.00,raw,,f,,percent,,,f,f,t,f,,,,,,,,1,[],"Label declaration shows wheat flour fortified with mandatory UK micronutrients (Calcium Carbonate, Iron, Niacin, Thiamin) — this fortification is a legal requirement for wheat flour in the UK, not an industrial formulation additive. The flour itself is plain and classifies as NOVA 1.",high,ai,2026-07-23 15:37:25.889
209,Grated Monterey Jack Cheese,kg,10.2100,,2026-03-23 17:21:22.76,1.0000,Sysco Classic,112826,1,,https://www.brake.co.uk/dairy/block-grated-cheese/soft-cheese/grated-shredded/sysco-classic-grated-monterey-jack-cheese/p/112826,1.0000,,cheese,t,daily,,,,,,20.00,,t,20.0000,pack,40.0000,t,,1718.00,414.00,34.00,21.00,1.70,0.00,25.00,1.90,"Monterey Jack Cheese (98%)(Milk), Anti-caking Agent (Potato Starch)","[""milk""]",0.00,raw,,f,,percent,,,f,f,t,f,,,,,,,,3,[],The product is 98% Monterey Jack cheese (a traditional hard cheese = NOVA 3). The only additive is potato starch as an anti-caking agent applied to the grated surface — this is a minor processing aid on an otherwise traditional cheese and does not elevate it to NOVA 4 under standard classification guidance for grated cheese.,high,ai,2026-07-23 15:37:25.889
45,Sticky BBQ,kg,5.9000,Sauces,2026-03-19 09:57:56.036,2.2700,Lion,149600,1,9,https://www.brake.co.uk/dry-store/gravy-sauces/ready-to-use-sauces/ready-to-use-sauces/lion-sticky-bbq/p/149600?term=bbq,1.0000,,sauce,f,weekly,,,,,,10.00,,t,12.0000,bottle,13.0000,t,,889.00,209.00,0.10,0.00,49.20,44.40,0.80,1.40,"Water, Sugar, Tomato Paste, Glucose-Fructose Syrup, Modified Starch, Acidity Regulator (Acetic Acid, Citric Acid), Spice Blend (Salt, Paprika, Garlic, Onion, Black Pepper, Cayenne), Apple Juice Concentrate, Caramelised Sugar Syrup, Preservative (Potassium Sorbate), Stabiliser (Xanthan Gum), BBQ Flavouring, Smoke Flavouring",[],0.60,raw,,f,,percent,,,f,f,t,f,,,,,,,,4,"[""Glucose-Fructose Syrup"", ""Modified Starch"", ""Preservative (Potassium Sorbate)"", ""Stabiliser (Xanthan Gum)"", ""BBQ Flavouring"", ""Smoke Flavouring""]","Label declaration confirms six distinct UPF markers: glucose-fructose syrup, modified starch, potassium sorbate (synthetic preservative), xanthan gum (industrial stabiliser), BBQ flavouring, and smoke flavouring. This is an unambiguous NOVA 4 product.",high,ai,2026-07-23 15:37:25.889
224,Rosemary ,g,2.4200,,2026-04-27 11:23:07.47936,200.0000,Sysco Classic ,A 134288,1,9,https://www.brake.co.uk/dry-store/cooking-ingredients/herbs-spices-seasonings/herbs/sysco-classic-rosemary-200g/p/134288?term=rosemary,1.0000,,seasoning,f,daily,,,,,,10.00,,t,3.0000,pack,4.0000,t,,,,,,,,,,,[],,raw,,f,,percent,,,f,f,t,f,,,,,,,,,[],,,,
223,Parsley,g,2.1700,,2026-04-27 11:21:58.694129,100.0000,Sysco Classic ,A 33591,1,9,https://www.brake.co.uk/dry-store/cooking-ingredients/herbs-spices-seasonings/herbs/sysco-classic-parsley/p/33591?term=parsley,1.0000,,seasoning,f,daily,,,,,,10.00,,t,3.0000,pack,4.0000,t,,,,,,,,,,,[],,raw,,f,,percent,,,f,f,t,f,,,,,,,,,[],,,,
222, Basil,g,2.2100,,2026-04-27 11:20:35.726665,150.0000,Sysco Classic ,A 35006,1,9,https://www.brake.co.uk/dry-store/cooking-ingredients/herbs-spices-seasonings/herbs/sysco-classic-basil/p/35006?term=basil,1.0000,,seasoning,f,daily,,,,,,10.00,,t,3.0000,pack,7.0000,t,,,,,,,,,,,[],,raw,,f,,percent,,,f,f,t,f,,,,,,,,,[],,,,
214,Ground Black Pepper,g,6.6700,,2026-04-27 11:08:04.917379,500.0000,Sysco Classic,33579,1,9,https://www.brake.co.uk/dry-store/cooking-ingredients/herbs-spices-seasonings/pepper/sysco-classic-ground-black-pepper/p/33579?term=ground&#x20;black&#x20;pepper,1.0000,,seasoning,f,daily,,,,,,10.00,,t,3.0000,pack,7.0000,t,,1157.00,276.00,3.30,1.00,39.00,0.60,10.00,0.05,Ground Black Pepper,[],25.00,raw,,f,,percent,,,f,f,t,f,,,,,,,,,[],,,,
217,Garlic Granules,g,9.1800,,2026-04-27 11:13:34.293428,700.0000,country range,,9,22,https://waterdene.coldweb.co.uk/ordering/pages/product_info.php?cPath=20001_241;products_id=3045,1.0000,,seasoning,f,daily,,,,,,10.00,,t,3.0000,pack,7.0000,t,,1630.00,390.00,0.50,0.10,89.00,1.50,17.00,0.20,,[],2.50,raw,,f,,percent,,,f,f,t,t,,,,,,,,,[],,,,
23,Diced Chorizo,g,5.5500,Meat,2026-03-19 09:57:55.952,500.0000,Brakes,149839,1,8,https://www.brake.co.uk/delicatessen/cooked-cured-meat-poultry/continental/spanish/diced-chorizo/p/149839?term=chorizo,1.0000,,cooked_meat,f,daily,,,,,,10.00,,t,60.0000,pack,32.0000,t,,1422.00,342.00,26.20,8.90,4.00,1.28,22.70,2.90,"Pork (122g per110g of finished product), lactose (MILK), salt, dextrin paprika, caseinate (MILK), dextrose, garlic, emulsifier (diphosphate), spices, antioxidant (sodium ascorbate), and preservatives (sodium nitrite, potassium nitrate). Casing not edible.","[""milk""]",,raw,,f,,percent,,,f,f,t,f,,,,,,,,4,"[""dextrose"", ""emulsifier (diphosphate)"", ""sodium ascorbate (antioxidant)"", ""sodium nitrite (preservative)"", ""potassium nitrate (preservative)"", ""caseinate"", ""dextrin""]","Label declaration confirms multiple UPF markers: dextrose, dextrin, milk caseinate (protein isolate), emulsifier (diphosphate), antioxidant (sodium ascorbate), and preservatives (sodium nitrite, potassium nitrate). This is a clear NOVA 4 industrial cured meat formulation.",high,ai,2026-07-23 15:37:25.889
85,Panko Breadcrumbs,kg,4.1000,,2026-03-19 09:57:56.17,1.0000,country range,,9,,https://waterdene.coldweb.co.uk/ordering/pages/product_info.php?cPath=20001_237;products_id=2304,1.0000,,other,f,daily,,,,,,10.00,,t,4.0000,pack,5.0000,t,,,,,,,,,,,[],,raw,,f,,percent,,,f,f,t,f,,,,,,,,4,"[""flavourings"", ""yeast extract"", ""sugar"", ""salt (industrial seasoning blend)""]","Country Range Panko Breadcrumbs are a commercial catering product. Panko-style breadcrumbs in wholesale formats typically contain flour, yeast, salt and often flavourings, sugar or other additives beyond a simple home-made breadcrumb; the industrial process and typical formulation place this at NOVA 4. Confidence is medium as no label declaration was provided.",medium,ai,2026-07-23 15:37:25.889
174,Tajin Seasoning,g,6.2300,,2026-03-19 09:57:56.425,400.0000,Tajin,B0CM9NGKGG,22,,https://www.amazon.co.uk/Tajin-Fruit-Snack-Seasoning-Pack/dp/B0CM9NGKGG/ref=sr_1_8?crid=3QJF5XIVR9JSQ&dib=eyJ2IjoiMSJ9.A-1yMf4BJoW6z7cYuojFteWDEXwQ-RE5iysq5q7zPgwYI4w3dJjGbAWy4u1qUZQgX_lyjBqkstdens6GOiKmEQaKIK8_XZz7h5z26Ai0BYqFES_kx9sjdUYaqkt238cCjB1pVdCUuDaSKLgi1NDEViqNP6rxpyONssYhiDNnQEgfCvci01FzBb4w7iEoq1eCW9QF-IxPW5VFerw_fe-FbdATZzC7gmVfFZrBZ9D8uKpvnIG1P2a2hWRFTVu9SkGa2HGtYgtxBEVFuvR31vKPgEjSBk86g_X6b6en9IM-ceo.pKqf1GuXptzSHlB1FkPTTLga39HLLst40V81ok1NmB8&dib_tag=se&keywords=tajin&qid=1785162165&sprefix=tajin%2Caps%2C188&sr=8-8&th=1,1.0000,,spice,f,daily,,,,,,10.00,,t,10.0000,bottle,10.0000,t,,1460.00,350.00,1.50,0.20,72.00,1.00,8.00,29.00,"Chilli peppers, sea salt, citric acid, dehydrated lime juice, silicon dioxide (to prevent caking). ",[],6.00,raw,,f,,percent,,,f,f,t,t,,,,,,,,4,"[""silicon dioxide (to prevent caking)""]","The label declaration lists silicon dioxide (E551) as an anti-caking agent — a marker additive not found in a home kitchen spice blend. Per the judging rules, seasoning mixes containing anti-caking agents are NOVA 4.",high,ai,2026-07-23 15:37:25.889
79,Calzone Dough,kg,0.8500,,2026-03-19 09:57:56.152,1.0000,,,17,,,1.0000,,dough,f,daily,,,,,,10.00,,t,0.0000,weight,,t,,,,,,,,,,,[],,raw,,f,,percent,,,f,f,f,f,,,,,,,,3,[],"Made in-house — this placeholder mirrors the Calzone Dough sub-recipe (Type 00 flour, water, yeast, olive oil, salt; all NOVA 1–2, 0% UPF). Classified NOVA 3 (processed food, like bread) so it never reads as ultra-processed. Corrected 2026-07-27: the AI analyzer had assumed it was a bought commercial dough and marked it NOVA 4 with low confidence.",low,ai,2026-07-23 15:37:25.889
229,Thyme,g,2.8200,,2026-04-27 11:33:36.672467,210.0000,Sysco Classic ,A 33595,1,9,https://www.brake.co.uk/dry-store/cooking-ingredients/herbs-spices-seasonings/herbs/sysco-classic-thyme/p/33595?term=thyme,1.0000,,seasoning,f,daily,,,,,,10.00,,t,3.0000,pack,4.0000,t,,,,,,,,,,,[],,raw,,f,,percent,,,f,f,t,f,,,,,,,,,[],,,,
227,Onion Powder,g,5.0300,,2026-04-27 11:29:35.034988,500.0000,Sysco Classic , A 117940,1,,https://www.brake.co.uk/dry-store/cooking-ingredients/herbs-spices-seasonings/blends-other-seasonings/sysco-classic-onion-powder/p/117940?term=onion&#x20;powder,1.0000,,seasoning,f,daily,,,,,,10.00,,t,3.0000,pack,7.0000,t,,,,,,,,,,,[],,raw,,f,,percent,,,f,f,t,f,,,,,,,,,[],,,,
226,Ground Cinnamon,g,5.7300,,2026-04-27 11:25:47.794115,450.0000,Sysco Classic ,A 33581,1,9,https://www.brake.co.uk/dry-store/cooking-ingredients/herbs-spices-seasonings/spices/sysco-classic-ground-cinnamon/p/33581?term=cinn,1.0000,,seasoning,f,daily,,,,,,10.00,,t,4.0000,pack,7.0000,t,,,,,,,,,,,[],,raw,,f,,percent,,,f,f,t,f,,,,,,,,,[],,,,
225,Mixed Herbs,g,2.4500,,2026-04-27 11:24:16.849303,130.0000,Sysco Classic ,A 33590,1,9,https://www.brake.co.uk/dry-store/cooking-ingredients/herbs-spices-seasonings/herbs/sysco-classic-mixed-herbs/p/33590?term=mixed&#x20;herbs,1.0000,,seasoning,f,daily,,,,,,10.00,,t,3.0000,pack,7.0000,t,,,,,,,,,,,[],,raw,,f,,percent,,,f,f,t,f,,,,,,,,,[],,,,
234,Red Cloth,each,3.6900,,2026-04-27 13:03:27.879062,50.0000,Sysco Essentials,A 17562,1,,https://www.brake.co.uk/catering-supplies/janitorial/cloths-scourers/all-purpose-cloths/sysco-essentials-all-purpose-red-cloth/p/17562?term=red&#x20;cloths,1.0000,,cleaning,f,daily,,,,,,10.00,,t,2.0000,pack,4.0000,f,,,,,,,,,,,[],,raw,,f,,percent,,,f,f,f,f,,,,,,,,,[],,,,
235,Blue Cloth,each,3.5900,,2026-04-27 13:05:07.083127,50.0000,Sysco Essentials,A 17382,1,,https://www.brake.co.uk/catering-supplies/janitorial/cloths-scourers/all-purpose-cloths/sysco-essentials-all-purpose-blue-cloth/p/17382?term=blue&#x20;cloth,1.0000,,cleaning,f,daily,,,,,,10.00,,t,2.0000,pack,10.0000,f,,,,,,,,,,,[],,raw,,f,,percent,,,f,f,f,f,,,,,,,,,[],,,,
236,Heavy Duty Scouring Pads,pieces,11.0700,,2026-04-27 13:28:24.111799,24.0000,MR.SIGA,,22,1,https://www.amazon.co.uk/dp/B07QQKL598?ref=fed_asin_title&th=1,1.0000,,cleaning,f,daily,,,,,,10.00,,t,6.0000,pack,1.0000,f,,,,,,,,,,,[],,raw,,f,,percent,,,f,f,f,f,,,,,,,,,[],,,,
237,Marigolds (Medium),each,4.4200,,2026-04-27 13:37:01.954047,2.0000,Marigold,,22,1,https://www.amazon.co.uk/dp/B087ZGNZPD?ref=fed_asin_title,1.0000,,other,f,daily,,,,,,10.00,,t,3.0000,pack,6.0000,f,,,,,,,,,,,[],,raw,,f,,percent,,,f,f,f,f,,,,,,,,,[],,,,
238,Marigolds (Large),each,5.9200,,2026-04-27 13:41:30.723511,3.0000,Marigold,,22,1,https://www.amazon.co.uk/Marigold-Kitchen-Gloves-Large-Pack/dp/B00HCL5REY/ref=sr_1_7?crid=181KZNWVHGK6E&dib=eyJ2IjoiMSJ9.FYMAWu5fYiod_V5dMEV706UCL38qwZvDhKxZ5QWNxaT3KI8CExoJVnZfGi2Wo3YcbLaf2Mx8T0fo5GZD9tmLIMUrsYcNXK0gHfgHFo_gk1i0PG6AYP-P32Mo3B0e6R045Mwe2xjlMRAJaAKPZDi7oeOekgTBIJVqF_uKOpL-WyzPfwaVO_APR5ZmWKSFljiTQsCY6agwxy5vojcGZ2M2TpHW6aVg8dVoy1Oa-2Mh533oaJWbaPwHct0_3F3KJzSBpMbtlZVKZVnBMVMA1gNrONYaqyxqDI6ds4tCrzLWRsQ.e47IgZ3uoeC-VRZJByNbqYrrTe_AWs-0USRtnuvz5t4&dib_tag=se&keywords=marigolds&qid=1777297130&sprefix=marigolds%2Caps%2C114&sr=8-7,1.0000,,other,f,daily,,,,,,10.00,,t,3.0000,pack,6.0000,f,,,,,,,,,,,[],,raw,,f,,percent,,,f,f,f,f,,,,,,,,,[],,,,
239,Marigolds (Small),each,11.4500,,2026-04-27 13:43:55.88119,6.0000,Marigold,,22,1,https://www.amazon.co.uk/Marigold-Extra-Life-Kitchen-Gloves-Small/dp/B01EX186XO/ref=sr_1_18?crid=181KZNWVHGK6E&dib=eyJ2IjoiMSJ9.FYMAWu5fYiod_V5dMEV706UCL38qwZvDhKxZ5QWNxaT3KI8CExoJVnZfGi2Wo3YcbLaf2Mx8T0fo5GZD9tmLIMUrsYcNXK0gHfgHFo_gk1i0PG6AYP-P32Mo3B0e6R045Mwe2xjlMRAJaAKPZDi7oeOekgTBIJVqF_uKOpL-WyzPfwaVO_APR5ZmWKSFljiTQsCY6agwxy5vojcGZ2M2TpHW6aVg8dVoy1Oa-2Mh533oaJWbaPwHct0_3F3KJzSBpMbtlZVKZVnBMVMA1gNrONYaqyxqDI6ds4tCrzLWRsQ.e47IgZ3uoeC-VRZJByNbqYrrTe_AWs-0USRtnuvz5t4&dib_tag=se&keywords=marigolds&qid=1777297130&sprefix=marigolds%2Caps%2C114&sr=8-18,1.0000,,other,f,daily,,,,,,10.00,,t,3.0000,pack,6.0000,f,,,,,,,,,,,[],,raw,,f,,percent,,,f,f,f,f,,,,,,,,,[],,,,
254,D1 Suma Star Washing Up Liquid,box,36.8100,,2026-05-07 14:22:15.918522,2.0000,Diversey,A 555006,1,,https://www.brake.co.uk/catering-supplies/chemicals/dishwashing/hand-dishwash/diversey-d1-suma-star-washing-up-liquid/p/555006?term=d1&#x20;suma,1.0000,,cleaning,f,daily,,,,,,10.00,,t,1.0000,pack,1.0000,f,,,,,,,,,,,[],,raw,,f,,percent,,,f,f,f,f,,,,,,,,,[],,,,
244,Spicy breading,kg,60.0700,,2026-04-28 11:49:04.174999,7.0000,,,29,,https://www.dalziel-online.co.uk/dalziel/food-ingredients/glazes-and-coatings/crumb/vers-spic-br,1.0000,,other,f,daily,,,,,,10.00,,t,3.0000,pack,6.0000,t,,,,,,,,,,,[],,raw,,f,,percent,,,f,f,t,f,,,,,,,,,[],,,,
245,Lemon & White Chocolate Blondie,pieces,50.0000,,2026-04-28 12:27:58.014499,12.0000,Cakehead,12x5 Portions,30,,https://www.cakehead.co.uk/products/lemon-white-chocolate-blondie-wrapped/,1.0000,,other,f,daily,,,,,,10.00,,t,4.0000,pack,4.0000,t,,,,,,,,,,,[],,raw,,f,,percent,,,f,f,t,f,,,,,,,,,[],,,,
246,Caramel Shortbread,pieces,50.0000,,2026-04-28 12:29:16.180472,12.0000,Cakehead,12x5 Portions,30,,https://www.cakehead.co.uk/products/caramel-shortbread-wrapped/,1.0000,,other,f,daily,,,,,,10.00,,t,4.0000,pack,4.0000,t,,,,,,,,,,,[],,raw,,f,,percent,,,f,f,t,f,,,,,,,,,[],,,,
247,Chocolate Caramel Brownie (Rolo),pieces,50.0000,,2026-04-28 12:30:37.556508,12.0000,Cakehead,12x5 Portions,30,,https://www.cakehead.co.uk/products/caramel-rolo-brownie-wrapped/,1.0000,,other,f,daily,,,,,,10.00,,t,5.0000,pack,4.0000,t,,,,,,,,,,,[],,raw,,f,,percent,,,f,f,t,f,,,,,,,,,[],,,,
220,Smoked Paprika,g,3.9200,,2026-04-27 11:17:42.420906,450.0000,Sysco Classic,134289,1,9,https://www.brake.co.uk/dry-store/cooking-ingredients/herbs-spices-seasonings/herbs/sysco-classic-smoked-paprika-450g/p/134289?term=smoked&#x20;paprika,1.0000,,seasoning,f,daily,,,,,,10.00,,t,3.0000,pack,7.0000,t,,1321.00,319.00,13.00,2.00,19.00,10.00,14.00,0.17,Smoked Paprika,[],35.00,raw,,f,,percent,,,f,f,t,f,,,,,,,,1,[],Label declaration confirms the sole ingredient is smoked paprika. Traditional smoke-drying of paprika is a minimal process; no added flavourings or additives declared. NOVA 1.,high,ai,2026-07-23 15:37:25.889
242,Extended Life Rapeseed Oil,l,29.4900,,2026-04-28 11:33:34.018413,20.0000,Sysco Classic ,A 9802,1,2,https://www.brake.co.uk/dry-store/oil/vegetable-oil/vegetable-oil/sysco-classic-extended-life-rapeseed-oil/p/9802?term=rapeseed&#x20;oil,1.0000,,other,f,daily,,,,,,10.00,,t,4.0000,bottle,6.0000,t,,,,,,,,,,,[],,raw,,f,,percent,,,f,f,t,f,,,,,,,,,[],,,,
231,Baking Parchment Refill ,roll,27.2300,,2026-04-27 12:50:58.350154,3.0000,Wrapmaster,45cmx50mx3,9,,https://waterdene.coldweb.co.uk/ordering/pages/product_info.php?cPath=20010_652;products_id=1809,1.0000,,other,f,daily,,,,,,10.00,,t,1.0000,pack,2.0000,f,,,,,,,,,,,[],,raw,,f,,percent,,,f,f,f,f,,,,,,,,,[],,,,
248,Large Courier Boxes,each,189.0000,,2026-04-28 15:12:55.98958,180.0000,TCK,TCK Large boxes,27,,,1.0000,,packaging,f,daily,,,,,,10.00,,t,0.5000,pallet,1.0000,f,180,,,,,,,,,,[],,raw,,f,,percent,,,f,f,f,f,,,,,,,,,[],,,,
256,Dishwasher Tablets,pieces,22.2500,,2026-05-11 14:10:57.770301,125.0000,Finish Quantum Professional , A 84718,1,,https://www.brake.co.uk/catering-supplies/chemicals/dishwashing/dishwash-system/finish-quantum-professional-dishwasher-tablets-1x125/p/84718?term=dishwasher&#x20;tablets,1.0000,,other,f,daily,,,,,,10.00,,t,15.0000,pack,1.0000,t,,,,,,,,,,,[],,raw,,f,,percent,,,f,f,f,f,,,,,,,,,[],,,,
257,Original BBQ Sauce (340g),pieces,0.0000,,2026-05-11 14:53:57.499668,6.0000,sauce shop,340g,16,,https://wholesale.sauceshop.co/products/original-bbq-sauce,1.0000,,sauce,f,daily,,,,,,10.00,,t,4.0000,pack,6.0000,t,,,,,,,,,,,[],,raw,,f,,percent,,,f,f,t,f,,,,,,,,,[],,,,
250,Ice (Gel pack 500g),each,6.8400,,2026-04-30 16:09:32.137944,36.0000,Thergis,150mm/200mm,32,,,1.0000,,packaging,f,daily,,,,,,10.00,,t,1.0000,pallet,1.0000,f,50,,,,,,,,,,[],,raw,,f,,percent,,,f,f,f,f,,,,,,,,,[],,,,
252,Honey Sriracha (190g),pieces,15.0000,,2026-05-06 15:01:44.718353,6.0000,sauce shop,,16,,https://wholesale.sauceshop.co/products/honey-sriracha-drizzle,1.0000,,sauce,f,daily,,,,,,10.00,,t,4.0000,pack,6.0000,t,,,,,,,,,,,[],,raw,,f,,percent,,,f,f,t,f,,,,,,,,,[],,,,
258,Void filler,each,37.2000,,2026-05-11 14:57:33.654393,1.0000,Speedman,,34,,https://schottpackaging.co.uk/product/speedman-paper-eco-friendly-void-fill-box-dispenser-system-390mm-x-450m-x-70gsm/?attribute_quantity=4&gad=1&gclid=CjwKCAjwvrOpBhBdEiwAR58-3KNlqI_u2Ocxq8lthkbmnnZSsgjvIU_K3by8WrlJcTsnVQ-u3MjDYxoCixsQAvD_BwE%C2%A3variations-table,1.0000,,packaging,f,daily,,,,,,10.00,,t,3.0000,pack,5.0000,f,,,,,,,,,,,[],,raw,,f,,percent,,,f,f,f,f,,,,,,,,,[],,,,
259,Date label stickers,each,9.0300,,2026-05-12 15:02:37.418412,1.0000,We Can Source It Ltd,,22,,https://www.amazon.co.uk/dp/B07PMHHC19?ref=fed_asin_title&th=1,1.0000,,other,f,daily,,,,,,10.00,,t,2.0000,pack,3.0000,f,,,,,,,,,,,[],,raw,,f,,percent,,,f,f,f,f,,,,,,,,,[],,,,
241,Tomato Ketchup,l,2.1900,,2026-04-28 11:30:24.92357,1.0000,Crucial,,2,9,https://www.express-foodservice.co.uk/crucial-tomato-ketchup-bottles.html?qty=1,1.0000,,sauce,f,daily,,,,,,10.00,,t,10.0000,bottle,20.0000,t,,,,,,,,,,,[],,raw,,f,,percent,,,f,f,t,f,,,,,,,,,[],,,,
264,Sweetcorn,kg,6.8300,Quick frozen sweetcorn kernels. Do not refreeze after thawing. Cook thoroughly until piping hot. Suitable for vegetarians and vegans.,2026-05-13 09:57:57.348606,2.5000,Sysco,4782,1,,https://www.brake.co.uk/frozen-produce-accompaniments/frozen-vegetables-accompaniments/frozen-vegetables/sweetcorn/sysco-classic-sweetcorn/p/4782?term=sweet&#x20;corn,1.0000,,vegetable,f,daily,,,,,,10.00,,t,2.0000,weight,2.0000,t,,274.00,65.00,1.80,0.20,8.10,2.00,3.40,0.00,Sweetcorn,[],1.50,raw,,f,,percent,,,f,f,f,f,,,,,,,,1,[],Label declaration is simply 'Sweetcorn' — a plain minimally processed vegetable with no additives declared. NOVA 1.,high,ai,2026-07-23 15:37:25.889
251,Chicken breast fillet strips,kg,5.7500,,2026-05-06 14:38:25.931428,1.0000,,44g,26,,,1.0000,,raw_meat,f,daily,,,,,,10.00,5,f,0.0000,weight,,t,,,,,,,,,,,[],,raw,,f,,percent,,,f,t,f,f,,,,,,,,1,[],Plain raw chicken breast fillet strips with no label declaration or additives indicated. Raw unprocessed poultry is NOVA 1 by definition.,medium,ai,2026-07-23 15:37:25.889
240,Small Courier Boxes,each,208.9400,,2026-04-27 14:46:07.494352,360.0000,TCK,TCK Small boxes,27,,,1.0000,,packaging,f,daily,,,,,,10.00,,t,1.0000,pallet,1.0000,f,,,,,,,,,,,[],,raw,,f,,percent,,,f,f,f,f,,,,,,,,,[],,,,
265,Red Kidney Beans in Water,g,2.2000,Suitable for Vegetarians and Vegans. Primary packaging: Steel can.,2026-05-13 11:20:26.173971,800.0000,Brakes,10143,1,,https://www.brake.co.uk/dry-store/canned/canned-vegetables/canned-pulses/red-kidney-beans-in-water/p/10143?term=kidney,1.0000,,vegetable,f,daily,,,,,,10.00,,t,5.0000,weight,5.0000,t,,,,,,,,,,"Red Kidney Beans, Water, Firming Agent: Calcium chloride",[],,raw,,f,,percent,,,f,f,t,f,,,,,,,,3,[],"Label declaration shows red kidney beans, water, and calcium chloride (firming agent). Calcium chloride is a traditional mineral firming agent used in canning; this is a standard tinned bean formulation with no UPF markers. NOVA 3 — canned vegetable with traditional preservation.",high,ai,2026-07-23 15:37:25.889
275,Original Hot Sauce (160ml),pieces,13.8000,,2026-06-01 15:05:39.019009,6.0000,Sauce Shop,SS-OHS,16,,https://wholesale.sauceshop.co/products/original-hot-sauce-case,1.0000,,other,f,daily,,,,,,10.00,,t,4.0000,pack,6.0000,t,,78.00,19.00,0.40,0.10,4.90,4.30,2.10,4.89,,[],,raw,,f,,percent,,,f,f,t,f,,,,,,,,,[],,,,
277,Film Refill,box,43.7900,,2026-06-05 14:19:09.955982,2.0000,Wrapmaster,45cmx500mx2,9,,,1.0000,,other,f,daily,,,,,,10.00,,t,1.0000,pack,1.0000,f,,,,,,,,,,,[],,raw,,f,,percent,,,f,f,f,f,,,,,,,,,[],,,,
278,D3.5 Suma Force Degreaser,l,50.9900,,2026-06-11 14:22:56.604097,10.0000,Diversey,555122,1,,https://www.brake.co.uk/catering-supplies/chemicals/hygiene-kitchen/degreasers/diversey-d3-5-suma-force-degreaser/p/555122,1.0000,,cleaning,f,daily,,,,,,10.00,,t,1.0000,bottle,1.0000,f,,,,,,,,,,,[],,raw,,f,,percent,,,f,f,f,f,,,,,,,,,[],,,,
279,Calzone Back Labels,each,1353.0000,,2026-06-11 15:13:47.734329,30000.0000,Macfarlane,95x140mm,27,,,1.0000,,packaging,f,daily,,,,,,10.00,,t,6000.0000,pack,30000.0000,f,,,,,,,,,,,[],,raw,,f,,percent,,,f,f,f,f,,,,,,,,,[],,,,
219,Paprika,g,3.6100,,2026-04-27 11:16:32.287931,480.0000,Sysco Classic,33585,1,9,https://www.brake.co.uk/dry-store/cooking-ingredients/herbs-spices-seasonings/spices/sysco-classic-paprika/p/33585?term=paprika,1.0000,,seasoning,f,daily,,,,,,10.00,,t,3.0000,pack,7.0000,t,,1321.00,319.00,13.00,2.00,19.00,10.00,14.00,0.17,Ground Paprika,[],35.00,raw,,f,,percent,,,f,f,t,f,,,,,,,,,[],,,,
280,Packing Box Tape,each,62.7100,,2026-06-12 14:52:47.660889,108.0000,Econ PPL,344268,27,,,1.0000,,packaging,f,daily,,,,,,10.00,,t,36.0000,pack,108.0000,f,,,,,,,,,,,[],,raw,,f,,percent,,,f,f,f,f,,,,,,,,,[],,,,
281,Panibois - Sire tray,pieces,32.8000,,2026-06-18 14:53:21.842954,100.0000,Panibois,,36,,,1.0000,,packaging,f,daily,,,,,,10.00,,t,2.0000,pallet,6.0000,f,35,,,,,,,,,,[],,raw,,f,,percent,,,f,f,f,f,,,,,,,,,[],,,,
282,Sage,g,2.6500,,2026-06-22 14:08:19.866451,150.0000,Sysco Classic,134290,1,,https://www.brake.co.uk/dry-store/cooking-ingredients/herbs-spices-seasonings/herbs/sysco-classic-sage-150g/p/134290,1.0000,,seasoning,f,daily,,,,,,10.00,,t,3.0000,pack,4.0000,t,,1322.00,320.00,13.00,7.00,20.00,1.70,11.00,0.03,,[],40.00,raw,,f,,percent,,,f,f,t,f,,,,,,,,,[],,,,
283,Pallet Wrap,box,18.2000,,2026-06-25 14:16:03.617215,6.0000,Aspect,400 mm x 250m,22,27,,1.0000,,packaging,f,daily,,,,,,10.00,,t,2.0000,pack,4.0000,f,,,,,,,,,,,[],,raw,,f,,percent,,,f,f,f,f,6,,,,,,,,[],,,,
243,Haechandle Gochujang (Hot Pepper Paste) Medium Hot,kg,19.3500,,2026-04-28 11:41:48.389869,3.0000,CJ,8801007980379,28,22,https://starrymart.co.uk/cj-haechandle-gochujang-hot-pepper-paste-3kg.html,1.0000,,sauce,f,daily,,,,,,10.00,,t,4.0000,pack,6.0000,t,,802.00,190.00,2.00,0.30,35.00,24.00,5.20,6.50,"Corn Syrup, Red Pepper Paste 25% (Red Pepper Powder, Water, Salt, Onion, Garlic, Corn Starch), Water, Wheat Flour, Rice Powder, Wheat, Salt, Distilled Alcohol (Contain Wheat, Barley), Soybean, Soybean Powder, Glutinous Rice, Koji","[""cereals_containing_gluten""]",4.90,raw,,f,,percent,,,f,f,t,f,,,,,,,,,[],,,,
287,Mayo Jars + Black Lids,each,0.3000,,2026-07-01 14:08:47.55245,1.0000,BPC,,37,,,1.0000,,packaging,f,daily,,,,,,10.00,,t,200.0000,pack,1140.0000,f,,,,,,,,,,,[],,raw,,f,,percent,,,f,f,f,f,,,,,,,,,[],,,,
288,Universal Floor Cleaner,l,9.6700,,2026-07-06 14:24:59.38607,5.0000,Cleanline,051431,38,,https://www.bunzlchs.com/Cleaning-Products-and-Air-Care-/Floor-Care/Floor-Cleaners-and-Maintainers/Cleanline-Universal-Floor-Cleaner-5-Litre~p~051431,1.0000,,cleaning,f,daily,,,,,,10.00,,t,1.0000,bottle,6.0000,f,,,,,,,,,,,[],,raw,,f,,percent,,,f,f,f,f,,,,,,,,,[],,,,
291,Powderfree Nitrile Gloves Blue Medical (LARGE),box,48.0000,,2026-07-21 14:50:20.228453,10.0000,Supertouch,SPT_D18-Blue-Medical,35,,https://www.prontodirect.co.uk/supertouch-powderfree-nitrile-gloves-blue-medical/,1.0000,,other,f,daily,,,,,,10.00,,t,1.0000,pack,4.0000,f,,,,,,,,,,,[],,raw,,f,,percent,,,f,f,f,f,,,,,,,,,[],,,,
289,Powderfree Nitrile Gloves Blue Medical (MEDIUM),box,48.0000,,2026-07-14 15:04:54.186203,10.0000,Supertouch,SPT_D18-Blue-Medical,35,,https://www.prontodirect.co.uk/supertouch-powderfree-nitrile-gloves-blue-medical/,1.0000,,other,f,daily,,,,,,10.00,,t,1.0000,pack,4.0000,f,,,,,,,,,,,[],,raw,,f,,percent,,,f,f,f,f,,,,,,,,,[],,,,
292,Green Valley Dairy Full Fat Soft Cheese,kg,18.9200,,2026-07-21 15:01:25.708257,2.0000,Green Valley Dairy,591017,1,,https://www.brake.co.uk/dairy/block-grated-cheese/soft-cheese/spreadable/green-valley-dairy-full-fat-soft-cheese/p/591017,1.0000,,other,f,daily,,,,,,10.00,,t,1.0000,pack,1.0000,t,,962.00,233.00,20.90,13.20,4.60,3.70,6.50,0.49,,"[""milk""]",0.00,raw,,f,,percent,,,f,f,t,f,,,,,,,,,[],,,,
228,Ground Cumin,g,8.3900,,2026-04-27 11:31:57.512153,400.0000,Sysco Classic ,A 34002,1,9,https://www.brake.co.uk/dry-store/cooking-ingredients/herbs-spices-seasonings/spices/sysco-classic-ground-cumin/p/34002?term=cumin,1.0000,,seasoning,f,daily,,,,,,10.00,,t,3.0000,pack,7.0000,t,,,,,,,,,,,[],,raw,,f,,percent,,,f,f,t,f,,,,,,,,1,[],Sysco Classic Ground Cumin is a plain single ground spice. No additives expected in a standard bulk spice supply. NOVA 1.,high,ai,2026-07-23 15:37:25.889
218,Chilli powder (mild),g,4.1800,,2026-04-27 11:15:02.175274,500.0000,Sysco Classic ,A 33601,1,,https://www.brake.co.uk/dry-store/cooking-ingredients/herbs-spices-seasonings/spices/sysco-classic-mild-chilli-powder/p/33601?term=chilli&#x20;powder,1.0000,,seasoning,f,daily,,,,,,10.00,,t,3.0000,pack,7.0000,t,,,,,,,,,,,[],,raw,,f,,percent,,,f,f,t,f,,,,,,,,1,[],Sysco Classic single-spice chilli powder (mild) — judged from name and brand alone as no label declaration was provided. Single ground spice/herb with no declaration of anti-caking agents or blending agents; classified NOVA 1 at medium confidence as Sysco Classic plain spices are typically unadulterated.,medium,ai,2026-07-23 15:37:25.889
215,Cracked Black Pepper,g,6.4100,,2026-04-27 11:09:45.624082,425.0000,Sysco Classic ,A 134293,1,9,https://www.brake.co.uk/dry-store/cooking-ingredients/herbs-spices-seasonings/herbs/sysco-classic-cracked-black-pepper-425g/p/134293?term=cracked&#x20;black&#x20;pepper,1.0000,,seasoning,f,daily,,,,,,10.00,,t,3.0000,pack,7.0000,t,,1460.00,349.00,3.30,1.00,64.00,2.40,10.40,0.04,Black Pepper,[],25.30,raw,,f,,percent,,,f,f,t,t,,,,,,,,1,[],Label declaration confirms the sole ingredient is black pepper — a plain single whole/cracked spice with no additives. NOVA 1.,high,ai,2026-07-23 15:37:25.889
260,Ground Corriander,g,7.5200,,2026-05-13 09:30:54.694332,400.0000,Sysco,,1,,,1.0000,,seasoning,f,daily,,,,,,10.00,,t,3.0000,weight,3.0000,t,,,,,,,,,,,[],,raw,,f,,percent,,,f,f,f,f,,,,,,,,1,[],No label declaration provided. Ground coriander sold under the Sysco brand is a plain single ground spice. Classified NOVA 1 at medium confidence from name and brand.,medium,ai,2026-07-23 15:37:25.889
261,Ground White Pepper,g,20.5900,,2026-05-13 09:34:43.753546,529.0000,Sysco, A 33578,1,9,https://www.brake.co.uk/dry-store/cooking-ingredients/herbs-spices-seasonings/pepper/sysco-classic-ground-white-pepper/p/33578?term=white&#x20;pepper,1.0000,,seasoning,f,daily,,,,,,10.00,,f,0.0000,weight,,t,,,,,,,,,,,[],,raw,,f,,percent,,,f,f,f,f,,,,,,,,1,[],No label declaration provided. Ground white pepper sold under the Sysco brand is a plain single ground spice. Classified NOVA 1 at medium confidence from name and brand.,medium,ai,2026-07-23 15:37:25.889
207,Chilli Jam,kg,9.3000,,2026-03-23 17:10:17.021,1.2500,Sysco Classic,126918,1,,https://www.brake.co.uk/dry-store/condiments-pickles/chutney-relish-pickles/chutney-relish/brakes-chilli-jam/p/126918,1.0000,,sauce,t,daily,,,,,,10.00,,t,8.0000,bottle,16.0000,t,,1022.00,241.00,0.00,0.00,60.00,58.00,0.00,0.14,"Sugar, Red Chilli (22%), White Wine Vinegar (11%), Water, Cornflour, Garlic Puree (0.5%), Gelling Agent (Pectin), Chilli Flakes.",[],0.00,raw,,f,,percent,,,f,f,t,f,,,,,,,,3,[],"The label declaration shows only traditional food ingredients: sugar, red chilli, white wine vinegar, water, cornflour, garlic purée, pectin (a traditional gelling agent derived from fruit, used domestically), and chilli flakes. There are no UPF markers such as flavourings, modified starch, glucose-fructose syrup, preservatives, emulsifiers or flavour enhancers, so this sits at NOVA 3 — a processed food made by combining NOVA 1 and 2 ingredients with a traditional preservation method (acid/sugar preserve).",high,ai,2026-07-23 15:37:25.889
266,Worcestershire Sauce,kg,37.9200,Halal certified. Ready to use sauce. Pack size is 2 x 2ltr bottles.,2026-05-13 11:23:55.714643,2.0000,Lea & Perrins,85118,1,,https://www.brake.co.uk/dry-store/condiments-pickles/bulk-condiments/other-condiments/lea-perrins-worcestershire-sauce-2ltr/p/85118?term=perrins,1.0000,,sauce,f,daily,,,,,,10.00,,t,2.0000,weight,1.0000,t,,,,,,,,,,"Malt Vinegar (from BARLEY), Spirit Vinegar, Molasses, Sugar, Salt, Anchovies (FISH), Tamarind Extract, Onions, Garlic, Spices, Flavourings","[""cereals_containing_gluten"", ""fish""]",,raw,,f,,percent,,,f,f,t,f,,,,,,,,4,"[""flavourings""]",The label declaration explicitly lists 'Flavourings' as an ingredient — a clear UPF marker — alongside otherwise traditional fermented/preserved ingredients. The presence of flavourings alone pushes this to NOVA 4.,high,ai,2026-07-23 15:37:25.889
